Date,8306.T,4307.T,1928.T,6367.T,7741.T,7203.T,4502.T,7182.T,5802.T,3382.T,6752.T,7974.T,6758.T,9983.T,8750.T,6098.T,8035.T,1925.T,7267.T,6723.T,8053.T,6981.T,5020.T,7309.T,4689.T,4188.T,6857.T,8316.T,7936.T,4519.T,6146.T,6501.T,7751.T,6326.T,4901.T,9020.T,8001.T,8002.T,4543.T,2914.T,6702.T,8630.T,8308.T,8058.T,8830.T,8113.T,8729.T,6178.T,9022.T,4063.T,9021.T,2503.T,7011.T,9434.T,6301.T,8725.T,9735.T,7832.T,6503.T,2502.T,4503.T,8267.T,4661.T,1306.T,8591.T,4507.T,3407.T,5401.T,6902.T,9101.T,9984.T,9202.T,8766.T,8031.T,6762.T,5803.T,5108.T,4452.T,4578.T,8697.T,9104.T,9432.T,7270.T,6920.T,4568.T,6861.T,8802.T,8801.T,8015.T,6971.T,8309.T,7733.T,2802.T,6954.T,6273.T,9433.T,8604.T,8411.T,7269.T,6701.T
2026-01-14,2825.409912109375,6078.43212890625,3437.61474609375,19522.61328125,25813.1328125,3568.8603515625,5061.81494140625,2464.88818359375,1601.9805908203125,2224.104736328125,2160.677490234375,10023.6962890625,3833.010986328125,64851.9609375,1381.26904296875,9079.556640625,41918.01953125,5304.619140625,1588.3992919921875,2410.0,1475.283447265625,3412.8037109375,1221.846435546875,16815.779296875,408.1163024902344,970.6324462890625,23028.654296875,5471.3466796875,4072.63818359375,8452.287109375,59660.90625,5367.09521484375,4731.4033203125,2358.5009765625,3399.038330078125,4093.04931640625,2040.00537109375,5004.458984375,2261.968994140625,5694.5322265625,4584.33984375,5667.91064453125,1707.3038330078125,4016.293701171875,4261.01611328125,894.2035522460938,166.74806213378906,1806.3367919921875,4353.43505859375,5504.07568359375,3078.983154296875,2350.356689453125,4696.6220703125,213.12164306640625,5319.66455078125,3878.440673828125,5702.76953125,4185.31494140625,5119.0517578125,1632.3863525390625,2280.4013671875,2184.283447265625,2884.96923828125,375.1918029785156,4730.50341796875,2910.194580078125,1472.072265625,646.637939453125,2178.752197265625,5274.083984375,4255.06103515625,2999.19140625,5962.337890625,5001.68798828125,2023.6396484375,2868.937744140625,3433.445556640625,3087.258056640625,9073.943359375,1751.6605224609375,4897.45849609375,156.35000610351562,3517.076171875,34662.88671875,3344.877197265625,58558.140625,4135.333984375,1861.09521484375,5904.2734375,2247.785888671875,1244.654052734375,2071.078369140625,3392.928466796875,6867.490234375,63549.31640625,2696.3017578125,1456.6015625,6649.55615234375,2359.33837890625,5905.25927734375
2026-01-15,2908.32275390625,6089.3232421875,3487.560791015625,19572.1640625,25450.40625,3659.510498046875,5087.3701171875,2464.88818359375,1660.58056640625,2226.082275390625,2176.061279296875,10249.2783203125,3888.792724609375,63707.3984375,1370.990234375,9222.2822265625,42195.42578125,5359.5078125,1607.8768310546875,2349.0,1512.529296875,3368.224365234375,1216.41162109375,16805.8828125,404.6826477050781,982.8218383789062,22459.4296875,5589.53955078125,4114.44970703125,8517.701171875,58765.9921875,5327.32421875,4688.22998046875,2438.240478515625,3401.01513671875,4026.760986328125,2078.58935546875,5091.5791015625,2224.236572265625,5699.42041015625,4586.318359375,5665.93505859375,1766.3302001953125,4098.50146484375,4279.9189453125,907.3492431640625,168.6971893310547,1867.0084228515625,4267.76123046875,5606.1865234375,3078.983154296875,2369.104248046875,4786.36669921875,212.4354248046875,5391.591796875,3940.205322265625,5744.41748046875,4150.75,5050.439453125,1624.51953125,2267.595703125,2226.6533203125,2865.0283203125,378.13525390625,4759.12548828125,2906.23779296875,1470.100341796875,659.474609375,2233.748779296875,5259.37646484375,4045.353759765625,2983.5400390625,5962.337890625,5100.77099609375,2024.6302490234375,2869.76708984375,3443.272216796875,3096.15087890625,9121.5029296875,1765.8857421875,4885.65478515625,156.8416748046875,3488.728515625,35688.83203125,3355.730712890625,60628.53125,4073.6572265625,1867.5263671875,6062.6708984375,2247.29150390625,1261.06005859375,2032.3529052734375,3414.81201171875,6684.291015625,63807.24609375,2621.91064453125,1462.977294921875,6689.1015625,2343.043212890625,5889.34716796875
2026-01-16,2933.834228515625,5937.8330078125,3502.928466796875,19844.6875,25167.18359375,3616.156005859375,4986.1337890625,2478.49560546875,1688.2734375,2175.16357421875,2223.701416015625,10317.93359375,3836.995361328125,62353.828125,1384.205810546875,9173.3759765625,41759.50390625,5360.48828125,1592.78173828125,2328.0,1551.008544921875,3382.093505859375,1215.9176025390625,16890.01171875,396.0494079589844,998.2552490234375,22769.0078125,5541.27734375,4138.341796875,8178.73779296875,60257.51171875,5174.2060546875,4644.07568359375,2493.216064453125,3401.01513671875,3917.9296875,2093.429443359375,5147.01904296875,2186.50390625,5670.09228515625,4523.00439453125,5647.1669921875,1781.2109375,4016.293701171875,4226.19580078125,889.2615356445312,165.09129333496094,1848.2642822265625,4206.99267578125,5640.88427734375,3081.934326171875,2367.130859375,4646.76416015625,211.74920654296875,5592.59375,3977.46044921875,5773.17431640625,4120.13525390625,5071.32177734375,1618.1275634765625,2210.462646484375,2109.513427734375,2813.181640625,377.5465393066406,4780.83837890625,2831.55419921875,1493.2708740234375,652.7132568359375,2235.712890625,5049.55078125,4004.410888671875,2978.64892578125,5944.607421875,5108.697265625,2068.213134765625,2937.779052734375,3476.682861328125,3066.50830078125,8932.255859375,1747.245849609375,4640.73291015625,154.48167419433594,3494.593505859375,36445.8359375,3264.955322265625,61574.140625,3958.261962890625,1847.243408203125,6032.97119140625,2275.9697265625,1261.304931640625,2002.941162109375,3425.753662109375,6579.3232421875,65850.8203125,2609.101806640625,1448.754638671875,6771.158203125,2330.698486328125,5866.47412109375
2026-01-19,2897.529296875,6007.14208984375,3473.1533203125,19686.12890625,25037.994140625,3569.845458984375,5018.568359375,2468.77587890625,1668.9873046875,2283.921875,2333.373046875,10381.685546875,3765.27587890625,62005.48046875,1377.353271484375,9345.046875,41789.2265625,5322.26220703125,1584.503662109375,2322.5,1537.442138671875,3400.916015625,1210.4827880859375,17038.47265625,403.8978271484375,995.7976684570312,22129.87890625,5585.599609375,4117.43603515625,8154.95068359375,62067.2265625,5189.1201171875,4579.3154296875,2427.839599609375,3355.549560546875,3887.259033203125,2085.5146484375,5145.0390625,2141.32421875,5653.47314453125,4515.08984375,5631.3623046875,1781.7069091796875,4078.6923828125,4194.3603515625,912.5877075195312,164.70147705078125,1829.520263671875,4233.89013671875,5650.7978515625,3092.7548828125,2398.21240234375,4866.1396484375,213.2196807861328,5526.57861328125,3944.126953125,5827.712890625,4061.86865234375,5071.32177734375,1648.1202392578125,2196.671875,2250.081298828125,2808.1962890625,376.7616271972656,4772.94287109375,2809.7919921875,1503.623779296875,655.6529541015625,2202.322021484375,5053.47265625,3976.449951171875,2988.43115234375,5968.248046875,5053.2109375,1994.419189453125,2868.1083984375,3434.42822265625,3050.205078125,8791.55859375,1756.5657958984375,4678.1103515625,155.56333923339844,3433.988037109375,36854.21875,3226.474609375,61096.359375,3955.277587890625,1819.044921875,5787.455078125,2255.202880859375,1260.325439453125,1954.4117431640625,3633.646240234375,6532.78076171875,64680.23046875,2640.631591796875,1448.26416015625,6778.07861328125,2301.564697265625,5965.9228515625
2026-01-20,2878.88623046875,5975.4580078125,3451.061767578125,19542.43359375,24903.833984375,3489.048583984375,4975.32177734375,2464.88818359375,1631.156982421875,2318.52685546875,2272.333984375,10244.3740234375,3721.447265625,62712.125,1371.479736328125,8756.177734375,40699.4140625,5298.73828125,1579.63427734375,2356.0,1543.1153564453125,3275.102783203125,1195.1663818359375,16771.2421875,397.32476806640625,979.7745361328125,21455.794921875,5509.75927734375,4010.91650390625,8169.81787109375,59660.90625,5167.24609375,4588.146484375,2406.542724609375,3275.49072265625,3966.4091796875,2056.329345703125,5067.81884765625,2138.841796875,5690.6220703125,4338.99755859375,5595.80224609375,1764.8421630859375,4050.959716796875,4153.57080078125,931.2684326171875,163.92181396484375,1845.7979736328125,4272.7421875,5497.1357421875,3127.1845703125,2469.749267578125,4799.32958984375,212.9255828857422,5528.54931640625,3976.47998046875,5822.7548828125,4088.533203125,4943.046875,1672.212646484375,2204.059814453125,2382.175048828125,2833.12255859375,373.2294921875,4776.890625,2888.927001953125,1472.072265625,657.1228637695312,2184.153564453125,5040.72607421875,3845.632568359375,3028.53759765625,5894.37158203125,5068.07373046875,1961.73193359375,2800.096435546875,3428.5322265625,3106.525634765625,8871.8154296875,1745.7742919921875,4693.8486328125,157.52999877929688,3382.179931640625,35888.04296875,3177.14013671875,60419.5,3923.4443359375,1796.288330078125,5737.95556640625,2270.036376953125,1251.0205078125,1877.941162109375,3702.28076171875,6478.31591796875,64283.41796875,2660.337890625,1414.914306640625,6748.419921875,2271.443359375,5862.49609375
2026-01-21,2778.3115234375,5858.6220703125,3419.365478515625,19473.064453125,24759.73828125,3499.88720703125,4888.82861328125,2408.5146484375,1654.15185546875,2235.969482421875,2250.002685546875,9984.4638671875,3686.58349609375,61876.09765625,1318.6175537109375,8436.7919921875,40828.2109375,5249.73046875,1565.5130615234375,2406.0,1541.882080078125,3269.158935546875,1216.41162109375,16795.984375,392.51763916015625,980.8558349609375,21740.408203125,5313.755859375,3966.118408203125,8241.1787109375,58238.984375,5151.337890625,4552.82275390625,2355.529296875,3204.327392578125,3948.600341796875,2027.638671875,5044.05908203125,2136.359375,5613.3916015625,4335.04052734375,5463.43896484375,1714.744140625,4007.379638671875,4082.93505859375,933.6405639648438,154.46853637695312,1792.0321044921875,4201.01513671875,5441.619140625,3108.494140625,2441.134521484375,4781.380859375,211.06298828125,5451.6953125,3877.460205078125,5779.1240234375,4049.0302734375,4925.14794921875,1637.30322265625,2179.92578125,2334.820556640625,2794.736083984375,369.79547119140625,4677.20751953125,2870.132568359375,1472.5653076171875,656.3389282226562,2163.038818359375,4978.955078125,3869.59912109375,2978.64892578125,5731.8427734375,5043.302734375,1959.255615234375,2974.273193359375,3432.462890625,3055.639404296875,8875.779296875,1724.191162109375,4657.45458984375,154.6783447265625,3376.31494140625,36455.796875,3138.6591796875,59244.953125,3899.5693359375,1762.1534423828125,5743.8955078125,2259.158447265625,1214.2906494140625,1842.1568603515625,3642.5986328125,6477.32568359375,62993.78125,2630.285888671875,1372.7366943359375,6482.47705078125,2255.148193359375,5774.9814453125
2026-01-22,2764.57470703125,5798.22412109375,3452.022216796875,19359.099609375,24943.5859375,3531.417724609375,4940.92138671875,2433.785400390625,1658.8497314453125,2205.3193359375,2286.725341796875,9758.8818359375,3616.856201171875,60562.3359375,1307.849365234375,8482.703125,42106.26171875,5292.857421875,1596.1903076171875,2517.5,1553.47509765625,3302.84130859375,1237.1627197265625,16934.548828125,392.7138366699219,1001.69580078125,22818.939453125,5326.560546875,4033.813232421875,8325.423828125,68182.46875,5233.8623046875,4584.2216796875,2365.434814453125,3181.5947265625,3925.8447265625,2037.037353515625,5077.71875,2162.17626953125,5553.7578125,4288.5439453125,5445.65869140625,1731.11279296875,4043.035888671875,4130.6884765625,923.16357421875,153.98126220703125,1783.1533203125,4209.98095703125,5602.220703125,3118.331298828125,2446.561279296875,4683.6591796875,210.18067932128906,5567.96142578125,3877.460205078125,5751.35888671875,4017.42822265625,4951.001953125,1623.5361328125,2211.447509765625,2205.7177734375,2775.293701171875,372.9351501464844,4655.49462890625,2992.29736328125,1486.862060546875,666.6279296875,2186.11767578125,4989.740234375,4318.9716796875,2996.2568359375,5723.96240234375,5085.908203125,1975.10400390625,3013.255615234375,3485.52685546875,3034.395751953125,9043.2275390625,1730.5679931640625,4672.208984375,153.59666442871094,3410.52783203125,38577.40625,3097.21826171875,59035.921875,3909.517333984375,1815.0872802734375,5639.947265625,2310.087158203125,1217.71875,1847.549072265625,3640.609130859375,6515.9462890625,61406.53515625,2611.072265625,1386.468994140625,6533.8857421875,2244.778564453125,5668.5712890625
2026-01-23,2782.236572265625,5871.494140625,3433.772705078125,19577.119140625,25281.466796875,3570.830810546875,5028.3974609375,2468.77587890625,1662.805908203125,2194.443603515625,2277.79296875,10200.23828125,3599.92236328125,60213.9921875,1324.4912109375,8571.5322265625,41333.48828125,5233.0673828125,1573.791015625,2513.5,1550.5152587890625,3300.85986328125,1242.103515625,17003.83203125,398.3058166503906,1006.119384765625,23498.015625,5457.5576171875,3971.095947265625,8675.2900390625,67565.9765625,5268.662109375,4555.7666015625,2351.072021484375,3202.3505859375,3918.919189453125,2018.239990234375,5074.7490234375,2144.302978515625,5521.49658203125,4333.0615234375,5462.451171875,1802.539794921875,3992.522705078125,4178.4423828125,922.8670654296875,152.1295928955078,1805.843505859375,4244.8486328125,5582.3935546875,3111.4453125,2422.880126953125,4587.931640625,210.37677001953125,5591.60888671875,3901.969970703125,5786.06494140625,4055.943359375,4938.0751953125,1619.6026611328125,2228.193603515625,2233.13330078125,2786.759765625,374.1125183105469,4723.5947265625,3115.946044921875,1504.6097412109375,658.396728515625,2170.8955078125,4923.06689453125,4268.04296875,2980.60546875,5772.228515625,5097.79833984375,1981.047119140625,2970.126220703125,3483.5615234375,3035.3837890625,9256.25390625,1729.5869140625,4650.5693359375,154.875,3334.281982421875,36346.23046875,3091.298095703125,59215.08984375,3909.517333984375,1793.8148193359375,5700.33642578125,2309.09814453125,1235.593994140625,1863.7254638671875,3534.176025390625,6510.00439453125,62577.12890625,2627.330078125,1397.7490234375,6654.49951171875,2234.408935546875,5802.8271484375
2026-01-26,2678.71826171875,5777.43115234375,3380.945556640625,19150.990234375,24675.267578125,3425.987548828125,5001.859375,2399.281005859375,1618.7940673828125,2170.71435546875,2171.098876953125,10214.9501953125,3532.187255859375,59218.71875,1302.9547119140625,8351.9541015625,40709.32421875,5180.13916015625,1504.1585693359375,2355.0,1494.2763671875,3149.289794921875,1222.340576171875,17191.8828125,392.81195068359375,988.9165649414062,23542.955078125,5305.87646484375,3896.4326171875,8615.822265625,66124.171875,5077.76123046875,4409.56591796875,2319.374267578125,3135.140869140625,3925.8447265625,1960.364013671875,4865.8583984375,2109.54931640625,5459.90771484375,3993.737548828125,5299.466796875,1765.3382568359375,3872.677734375,4169.48828125,928.9951782226562,149.59571838378906,1750.5977783203125,4283.70068359375,5401.96435546875,3107.510498046875,2436.694091796875,4546.05126953125,209.29840087890625,5472.38671875,3823.53857421875,5756.31689453125,4016.440673828125,4838.63720703125,1626.4862060546875,2189.7763671875,2231.637939453125,2817.169677734375,365.870849609375,4579.49853515625,3078.35693359375,1463.69140625,642.2283325195312,2095.76611328125,4836.783203125,4059.334228515625,2984.518310546875,5592.95458984375,4924.40380859375,1900.814697265625,2979.24951171875,3421.653564453125,3062.55615234375,9374.162109375,1699.1744384765625,4610.24072265625,154.28500366210938,3188.63330078125,35559.34375,3078.47119140625,58120.17578125,3862.76220703125,1766.6058349609375,5520.1591796875,2252.236083984375,1219.677734375,1810.2940673828125,3481.45703125,6331.7568359375,61644.625,2611.072265625,1358.513916015625,6448.86328125,2155.402099609375,5580.06201171875
2026-01-27,2719.438720703125,5781.3916015625,3388.629638671875,18848.736328125,24968.4296875,3408.251708984375,5042.15771484375,2424.5517578125,1651.4320068359375,2149.457275390625,2171.098876953125,10175.71875,3476.405517578125,58890.27734375,1300.996826171875,8493.6826171875,41739.6875,5166.4169921875,1495.880615234375,2390.0,1536.7021484375,3197.831787109375,1229.257568359375,17172.087890625,390.1631164550781,986.9505615234375,24921.078125,5348.22900390625,3840.683837890625,8565.275390625,68540.4375,5064.8359375,4426.24658203125,2327.298828125,3087.698486328125,3880.33349609375,1951.9547119140625,5025.2490234375,2066.851806640625,5449.154296875,4043.20166015625,5264.89404296875,1777.24267578125,3969.742431640625,4219.23193359375,926.42529296875,149.4982452392578,1761.94287109375,4247.8369140625,5428.7314453125,3071.113525390625,2433.734130859375,4537.07666015625,207.3377685546875,5597.5205078125,3842.166015625,5726.568359375,3958.174072265625,4858.52490234375,1602.8853759765625,2166.627685546875,2197.24365234375,2751.86279296875,366.95013427734375,4593.31591796875,3115.946044921875,1475.0302734375,634.7810668945312,2087.909423828125,4883.84716796875,4045.353759765625,2934.629638671875,5553.5537109375,4969.98193359375,1915.1773681640625,3047.261474609375,3436.3935546875,3052.67529296875,9060.0712890625,1702.608154296875,4658.43798828125,152.6133270263672,3174.9482421875,36754.61328125,3003.482666015625,58617.86328125,3858.782958984375,1720.597900390625,5600.34765625,2297.2314453125,1228.7376708984375,1817.6470947265625,3448.6318359375,6280.26318359375,62408.484375,2580.03515625,1364.399169921875,6507.19287109375,2080.345703125,5655.64306640625
2026-01-28,2698.342529296875,5721.98388671875,3340.604736328125,18283.869140625,25231.77734375,3297.894775390625,4994.9794921875,2455.654541015625,1733.2742919921875,2144.513671875,2118.0,9969.751953125,3390.740478515625,57994.53125,1288.270751953125,8442.7802734375,43394.21484375,5095.84521484375,1460.8209228515625,2589.0,1545.82861328125,3157.215087890625,1216.41162109375,16993.93359375,388.4953308105469,976.6288452148438,25505.283203125,5265.494140625,3700.31689453125,8372.0068359375,70081.671875,5057.8759765625,4384.0546875,2276.285400390625,3029.38427734375,3765.565673828125,1945.029296875,5012.37890625,2007.274169921875,5387.5654296875,3999.673095703125,5133.51904296875,1741.033203125,4048.978759765625,4192.37060546875,917.9251098632812,148.81605529785156,1758.9832763671875,4213.9658203125,4823.00537109375,3062.26025390625,2336.54248046875,4421.40625,206.8476104736328,5564.02001953125,3776.4794921875,5679.96240234375,3940.39794921875,4776.98583984375,1570.434326171875,2100.136474609375,2178.800537109375,2725.939453125,363.8104553222656,4561.7333984375,3044.724365234375,1443.9718017578125,626.6478881835938,2058.93798828125,4906.3984375,4195.14453125,2895.501220703125,5497.40771484375,4944.22021484375,1915.672607421875,3329.26171875,3404.947998046875,3008.211669921875,9024.40234375,1696.721923828125,4706.6357421875,152.02334594726562,3123.14013671875,39065.47265625,2889.026611328125,58030.58984375,3797.106201171875,1708.724853515625,5526.0986328125,2252.236083984375,1227.2685546875,1784.803955078125,3364.08203125,6041.60888671875,62577.12890625,2581.020263671875,1363.9088134765625,6537.84033203125,2031.9542236328125,5649.67626953125
2026-01-29,2724.3447265625,5628.9111328125,3354.3359375,18140.17578125,25326.185546875,3397.4130859375,5064.763671875,2597.07470703125,1696.1856689453125,2151.928955078125,2094.67626953125,9740.2470703125,3418.63134765625,57785.52734375,1318.6175537109375,8146.349609375,40947.09765625,5083.10302734375,1492.4720458984375,2624.5,1549.0352783203125,3105.700927734375,1253.4671630859375,16929.6015625,385.25787353515625,986.9505615234375,26823.490234375,5339.36474609375,3707.285400390625,8235.2314453125,66959.421875,5047.93310546875,4466.47607421875,2306.4970703125,3014.55859375,3797.225830078125,1939.0933837890625,5077.71875,1983.939453125,5434.490234375,4031.330322265625,5206.61474609375,1745.4974365234375,4018.274658203125,4229.1806640625,918.616943359375,148.1338653564453,1811.7626953125,4229.9052734375,4865.63427734375,3077.99951171875,2326.675537109375,4515.13916015625,203.90664672851562,5733.49267578125,3814.71484375,5651.20556640625,3915.708740234375,4784.94091796875,1575.8428955078125,2095.70361328125,2108.5166015625,2737.40576171875,364.88970947265625,4582.45947265625,3082.3134765625,1465.6634521484375,634.193115234375,2079.070556640625,4978.955078125,4259.0556640625,2877.404296875,5566.35888671875,5022.49560546875,1922.6063232421875,3229.732177734375,3399.052001953125,3015.622314453125,9071.9619140625,1645.2169189453125,4764.66943359375,150.74501037597656,3176.903076171875,37312.40625,2891.98681640625,58508.37109375,3838.88720703125,1712.187744140625,5511.2490234375,2244.32470703125,1234.859375,1802.450927734375,3449.62646484375,6060.423828125,59650.6484375,2551.95361328125,1395.7872314453125,6597.15869140625,2062.5693359375,5506.47021484375
2026-01-30,2751.81884765625,4654.619140625,3371.990234375,18417.654296875,25708.787109375,3452.591552734375,5152.23974609375,2663.167724609375,1662.55859375,2186.03955078125,2101.12744140625,9861.865234375,3440.545654296875,58522.02734375,1324.001708984375,8084.46826171875,40927.28515625,5155.634765625,1514.38427734375,2576.0,1541.388671875,3106.691650390625,1283.1116943359375,17449.216796875,389.0839538574219,1002.6788330078125,25470.33203125,5389.5966796875,3698.32568359375,8722.86328125,65815.921875,5330.30712890625,4596.9775390625,2347.109619140625,3051.128662109375,3851.6416015625,1949.9759521484375,5063.85888671875,2003.30224609375,5455.99755859375,4237.10107421875,5251.0654296875,1775.2586669921875,4057.892822265625,4272.95458984375,928.5009765625,151.5448455810547,1829.520263671875,4290.673828125,5084.7265625,3107.510498046875,2360.2236328125,4506.16455078125,204.886962890625,5841.87646484375,3854.9111328125,5611.541015625,3960.149169921875,4802.83984375,1585.676513671875,2111.95703125,2108.5166015625,2701.51171875,367.34259033203125,4632.79443359375,3139.6865234375,1478.481201171875,632.9193115234375,2104.604736328125,4973.072265625,4247.072265625,2939.5205078125,5641.220703125,4988.8076171875,1962.2271728515625,3246.320556640625,3424.6015625,3056.133544921875,9156.181640625,1655.02734375,4759.75146484375,152.31832885742188,3252.17138671875,36246.625,2798.251220703125,56179.1875,3919.465087890625,1748.7962646484375,5549.8583984375,2282.397705078125,1253.224365234375,1804.9019775390625,3501.35107421875,6207.9736328125,59670.48828125,2568.21142578125,1385.978515625,6705.908203125,2080.345703125,5181.27294921875
2026-02-02,2692.455322265625,4594.22119140625,3380.817626953125,18828.91796875,25654.12890625,3483.13671875,5250.52734375,2575.20556640625,1682.3392333984375,2204.33056640625,2053.4873046875,9708.861328125,3395.720947265625,59885.55078125,1318.6175537109375,8242.1650390625,39292.5703125,5166.4169921875,1520.714599609375,2453.5,1494.0296630859375,3056.168212890625,1251.490966796875,17365.08984375,387.4161682128906,997.7637329101562,24271.962890625,5206.3974609375,3775.9755859375,8723.8544921875,61947.90625,5258.71923828125,4678.41796875,2322.84130859375,3083.7451171875,3755.672119140625,1959.869384765625,4913.37841796875,2033.587646484375,5566.46630859375,4326.13671875,5270.82080078125,1724.66455078125,4042.04541015625,4241.119140625,948.0712280273438,150.47280883789062,1813.7357177734375,4311.59423828125,5082.744140625,3091.771240234375,2308.421142578125,4492.20458984375,206.7495574951172,6121.703125,3835.30322265625,5675.00439453125,3943.360595703125,4783.94677734375,1625.9945068359375,2118.35986328125,2168.33251953125,2751.3642578125,364.301025390625,4570.61572265625,3182.2216796875,1441.999755859375,634.193115234375,2114.425537109375,5018.1748046875,4084.29931640625,3040.276123046875,5668.80126953125,4906.56884765625,1966.6845703125,3294.426513671875,3429.514892578125,3115.912353515625,9145.2822265625,1604.993896484375,4835.490234375,153.59666442871094,3262.923828125,31186.638671875,2877.6796875,55532.19140625,3902.5537109375,1749.291015625,5510.25927734375,2309.09814453125,1224.81982421875,1827.450927734375,3479.467529296875,5984.173828125,59422.48046875,2624.3740234375,1279.06298828125,6485.44287109375,2069.482421875,5193.20703125
2026-02-03,2828.353515625,4596.20166015625,3422.991943359375,19403.6953125,27010.623046875,3541.27099609375,5326.208984375,2719.055419921875,1892.7552490234375,2228.553955078125,2130.40625,9886.384765625,3491.346923828125,61726.8046875,1372.9481201171875,8328.0009765625,41174.96875,5221.3056640625,1536.7835693359375,2592.0,1561.3682861328125,3286.99072265625,1302.380615234375,17662.01171875,384.8654479980469,1019.39013671875,25994.6171875,5462.48193359375,3781.94873046875,8752.59765625,66541.796875,5350.19287109375,4725.51611328125,2435.763916015625,3101.535888671875,3702.24560546875,2009.3359375,5252.94921875,2036.070068359375,5648.5849609375,4362.740234375,5463.43896484375,1835.773193359375,4168.82373046875,4397.31298828125,945.5013427734375,150.08299255371094,1903.510009765625,4622.41162109375,5088.6923828125,3142.923828125,2322.235107421875,4634.79833984375,209.4944610595703,6846.8876953125,3961.774169921875,5814.82177734375,3989.7763671875,4971.8837890625,1617.6358642578125,2189.7763671875,2177.803466796875,2689.547119140625,375.87860107421875,4727.54248046875,3309.8271484375,1499.6798095703125,649.2836303710938,2028.0023193359375,5096.6142578125,4294.0068359375,3101.903564453125,5860.88037109375,5099.77978515625,2191.533447265625,3612.9208984375,3489.45751953125,3116.900390625,9287.9609375,1638.3494873046875,4918.11474609375,153.69500732421875,3360.6748046875,31973.52734375,2895.93359375,56647.015625,4032.87109375,1772.047607421875,5693.40625,2570.6640625,1274.2828369140625,1848.5294189453125,3534.176025390625,6369.38671875,63499.71484375,2674.624755859375,1330.5589599609375,6881.88525390625,2132.194091796875,5323.48486328125
2026-02-04,2894.094970703125,4244.7041015625,3438.684814453125,19200.541015625,27254.095703125,3670.34912109375,5394.02734375,2760.36376953125,1936.76708984375,2263.158935546875,2177.550048828125,8800.6484375,3331.97021484375,61448.12890625,1388.6109619140625,7486.6171875,40322.9375,5302.65869140625,1570.3824462890625,2574.0,1516.4759521484375,3290.953369140625,1355.24658203125,17820.37109375,371.0326843261719,1068.541015625,25440.373046875,5545.21728515625,3803.85009765625,8624.7421875,67754.8984375,5130.4580078125,4762.80224609375,2515.99853515625,3089.67529296875,3724.011962890625,2025.165283203125,5351.94921875,2006.2811279296875,5755.1435546875,4020.4482421875,5521.71826171875,1913.6484375,4295.60205078125,4482.87158203125,956.0772094726562,151.3499298095703,1910.4156494140625,4606.47265625,5173.94970703125,3343.5986328125,2355.783447265625,4742.49169921875,209.8865966796875,7251.8486328125,4001.97021484375,5706.73583984375,3873.2431640625,5352.72998046875,1625.5028076171875,2213.91015625,2192.757568359375,2642.187255859375,376.5653991699219,4769.98193359375,3336.53515625,1571.656494140625,663.3942260742188,2019.654541015625,5105.43896484375,4201.13623046875,3169.39990234375,5783.06396484375,5182.0185546875,2131.606689453125,3783.77978515625,3562.175048828125,3133.203857421875,9328.583984375,1578.01513671875,5016.47705078125,150.84332275390625,3450.60546875,29687.568359375,2868.30615234375,54297.91796875,4137.32373046875,1817.066162109375,6022.08154296875,2525.17431640625,1309.0538330078125,1823.5294189453125,3546.112548828125,6624.87548828125,63837.00390625,2709.603271484375,1343.80078125,7169.578125,2154.41455078125,4695.9638671875
2026-02-05,2825.409912109375,4296.19091796875,3514.206298828125,17773.5078125,26772.119140625,3651.6279296875,5496.24658203125,2836.176513671875,1831.4354248046875,2283.427490234375,2360.666748046875,8613.31640625,3334.95849609375,63020.66015625,1392.5267333984375,7136.2900390625,39619.515625,5359.5078125,1596.67724609375,2766.5,1467.6368408203125,3254.299072265625,1340.42431640625,18102.44921875,399.9736022949219,1034.626953125,24217.037109375,5567.87060546875,3782.9443359375,9043.9873046875,64801.6875,5134.43505859375,4784.38916015625,2582.365478515625,3083.7451171875,3818.9921875,2011.809326171875,5346.00927734375,2016.707275390625,5801.0908203125,3901.734130859375,5611.60693359375,1950.8499755859375,4580.85302734375,4580.36865234375,983.5546875,150.66773986816406,1911.4022216796875,4627.39306640625,5134.294921875,3424.26220703125,2394.7587890625,4673.6875,209.4944610595703,7055.7724609375,4049.029296875,5849.5283203125,3957.1865234375,5327.87060546875,1674.671142578125,2384.817138671875,2244.59814453125,2731.921875,376.3691711425781,4807.486328125,3390.940673828125,1617.01171875,653.2032470703125,2051.081298828125,4952.4814453125,3906.54736328125,3222.22314453125,5880.5810546875,5076.0,2135.073486328125,3592.185546875,3607.3779296875,3226.08349609375,9394.9697265625,1604.50341796875,4928.9345703125,151.9250030517578,3458.425537109375,28776.173828125,2894.94677734375,53103.46484375,4160.2041015625,1858.6217041015625,6152.759765625,2551.38037109375,1312.726806640625,1822.549072265625,3595.84765625,6498.12158203125,63509.63671875,2744.089111328125,1323.202392578125,7030.1806640625,2190.46142578125,4372.755859375
2026-02-06,2896.057373046875,4180.34521484375,3553.438232421875,17847.83203125,26280.203125,3724.542236328125,5422.53076171875,2854.643798828125,1864.3206787109375,2292.8203125,2422.201904296875,8278.8662109375,3493.33935546875,63199.80859375,1406.231689453125,7048.458984375,40649.87890625,5418.3173828125,1647.805908203125,2957.5,1516.7225341796875,3186.9345703125,1380.4443359375,18236.064453125,415.17987060546875,1040.0335693359375,24496.65625,5821.00048828125,3730.18212890625,8531.5771484375,65428.125,5336.27294921875,4778.50146484375,2633.8740234375,2988.860595703125,3935.738525390625,2044.9520263671875,5600.43994140625,2030.6087646484375,5903.7392578125,3871.06640625,5737.0556640625,1997.9720458984375,4677.91748046875,4596.28662109375,988.3978271484375,150.86265563964844,1950.8634033203125,4650.3056640625,5059.9423828125,3457.7080078125,2437.680908203125,4804.3154296875,209.984619140625,6967.09521484375,4077.460693359375,5912.0,4142.84912109375,5448.1904296875,1698.2718505859375,2404.518310546875,2255.564453125,2746.379150390625,381.17681884765625,4868.67822265625,3356.319091796875,1671.7337646484375,663.1002807617188,2122.7734375,4952.4814453125,3993.42626953125,3247.65673828125,5950.517578125,5128.513671875,2142.00732421875,3714.9384765625,3675.18212890625,3225.58935546875,9258.236328125,1617.2569580078125,4997.7880859375,149.9583282470703,3266.833984375,30071.052734375,2830.81201171875,53013.87890625,4205.96435546875,1874.452392578125,6270.56787109375,2553.852783203125,1324.4803466796875,1848.5294189453125,4077.283447265625,6507.03369140625,64204.0546875,2757.883544921875,1343.80078125,7263.49853515625,2279.343994140625,4287.22998046875
2026-02-09,2901.94482421875,4182.32568359375,3570.11181640625,18382.96875,27214.345703125,3674.290283203125,5409.75341796875,2954.755615234375,2068.802490234375,2307.65087890625,2451.97705078125,8495.6220703125,3441.541748046875,67529.2421875,1424.8314208984375,7139.2841796875,40223.86328125,5463.40478515625,1592.2947998046875,3103.0,1562.1082763671875,3238.44873046875,1406.13623046875,18320.193359375,416.2590026855469,1072.47314453125,27317.81640625,5893.88623046875,3881.5,9044.978515625,71821.7890625,5784.69091796875,4815.78759765625,2672.505615234375,3017.523681640625,3885.2802734375,2045.4466552734375,5897.4404296875,2065.362548828125,5996.611328125,3972.962646484375,5830.89501953125,2096.68017578125,4877.9892578125,4875.84423828125,929.093994140625,149.4982452392578,2022.3868408203125,4698.12353515625,5227.48388671875,3451.8056640625,2404.6259765625,4955.8837890625,209.1023406982422,7364.17333984375,4073.5390625,6062.7255859375,4082.607666015625,5720.6494140625,1667.2958984375,2466.57666015625,2226.6533203125,2744.385009765625,389.8109130859375,4966.38720703125,3482.935302734375,1724.976806640625,659.3766479492188,2099.203369140625,4943.6572265625,4245.0751953125,3273.090087890625,6036.21435546875,5314.7890625,2248.98388671875,3641.950439453125,3689.922119140625,3229.541748046875,9522.78515625,1694.759765625,4943.68896484375,149.9583282470703,2975.536376953125,31176.677734375,2912.707275390625,55064.36328125,4442.7236328125,1996.1507568359375,6649.732421875,2640.382080078125,1353.129638671875,1900.490234375,4377.68359375,6662.50537109375,66078.9921875,2503.673583984375,1384.9976806640625,7473.0888671875,2232.927490234375,4483.14404296875
2026-02-10,2977.0078125,4360.5498046875,3626.998291015625,18586.123046875,27949.734375,3659.510498046875,5485.43505859375,3002.381591796875,2158.0625,2301.224365234375,2498.62451171875,8758.4736328125,3546.1328125,68186.125,1452.7308349609375,7345.88720703125,41115.5234375,5487.90869140625,1625.8936767578125,2982.5,1614.647216796875,3287.9814453125,1443.19189453125,18607.220703125,412.2367248535156,1116.2174072265625,27637.380859375,6041.62744140625,3971.095947265625,8941.9013671875,74944.0390625,5617.65283203125,4836.39306640625,2716.08984375,3014.55859375,3845.705322265625,2117.17333984375,6124.15087890625,2097.13720703125,5909.60498046875,4078.81591796875,5885.22314453125,2142.31396484375,5087.9658203125,5092.72509765625,944.7106323242188,152.4219512939453,2050.009765625,4699.1201171875,5401.96435546875,3385.897705078125,2466.295654296875,5092.49462890625,208.02398681640625,7320.81982421875,4097.068359375,6148.00390625,4119.14794921875,5781.306640625,1655.4954833984375,2493.665771484375,2213.194580078125,2765.821533203125,397.0714416503906,5358.21044921875,3456.22705078125,1711.173095703125,670.9395141601562,2109.51513671875,4962.28662109375,4698.4423828125,3262.329833984375,6168.20751953125,5444.58740234375,2297.51953125,3825.250244140625,3698.76611328125,3233.0,9766.52734375,1785.01611328125,4972.2138671875,151.23667907714844,3088.927490234375,30788.21484375,2943.7880859375,56368.30859375,4903.310546875,2069.8623046875,6531.92431640625,2685.37744140625,1386.921142578125,1936.2745361328125,4282.19189453125,6733.8046875,68072.96875,2542.1005859375,1414.914306640625,7729.14501953125,2356.37548828125,4808.3408203125
2026-02-12,3027.0498046875,4178.36474609375,3689.76953125,19225.31640625,28282.646484375,3650.642578125,5512.95556640625,3071.390625,2168.447265625,2328.908203125,2535.34716796875,8474.0439453125,3590.95751953125,67977.1171875,1436.089111328125,6791.95166015625,40917.37890625,5596.70654296875,1568.921630859375,3015.0,1662.2529296875,3264.20556640625,1470.8599853515625,17572.935546875,389.47637939453125,1113.7598876953125,26773.556640625,6110.5732421875,4033.813232421875,9118.3212890625,72418.390625,5543.08203125,4808.91943359375,3211.365234375,3024.4423828125,3731.927001953125,2209.181396484375,6238.0009765625,2055.432861328125,6002.47705078125,3944.2734375,5955.35595703125,2152.73046875,5114.7080078125,5093.72021484375,954.298095703125,157.29476928710938,2063.327880859375,4647.31689453125,5691.44384765625,3357.370361328125,2500.33740234375,4980.81298828125,208.2200469970703,7684.3974609375,4124.51953125,6138.087890625,4020.390869140625,5788.26708984375,1645.170166015625,2433.0849609375,2292.949462890625,2805.205078125,400.014892578125,5544.74609375,3496.783935546875,1738.28759765625,683.9722290039062,2117.371826171875,5010.3310546875,4810.2861328125,3234.93994140625,6155.40234375,5753.72509765625,2224.716064453125,3823.591552734375,3688.939453125,3305.6240234375,9780.3984375,1774.224609375,5125.6591796875,150.84332275390625,3075.2421875,31027.26953125,2867.319580078125,56696.78125,4996.82080078125,2124.775146484375,6842.779296875,2651.754638671875,1412.876953125,1916.176513671875,4332.921875,6648.6416015625,71168.09375,2622.4033203125,1415.895263671875,7777.58837890625,2323.785400390625,4478.17138671875
2026-02-13,2946.590087890625,4013.0126953125,3670.153564453125,19195.5859375,27964.640625,3718.630126953125,5517.8701171875,3007.2412109375,2124.6826171875,2348.18798828125,2411.78076171875,8189.61474609375,3538.1640625,68823.1015625,1456.6466064453125,6144.19580078125,41600.984375,5478.107421875,1559.182861328125,2940.0,1634.6268310546875,3228.542236328125,1408.606689453125,16583.189453125,380.15643310546875,1091.6419677734375,27093.123046875,5970.71142578125,4376.26904296875,9197.611328125,72647.09375,5179.17724609375,4733.36572265625,3107.357421875,2997.756103515625,3769.523193359375,2201.76123046875,5972.6806640625,1996.3515625,5950.6640625,3786.977294921875,5893.12548828125,2124.953369140625,5009.7197265625,4954.4384765625,1031.3931884765625,152.22703552246094,2016.4676513671875,4629.38525390625,5451.53271484375,3313.10400390625,2557.073486328125,5016.71044921875,209.8865966796875,7599.6611328125,4107.85302734375,6024.05224609375,3960.149169921875,5558.56640625,1668.2791748046875,2472.9794921875,2311.89111328125,2810.68896484375,393.6374206542969,5372.0283203125,3497.77294921875,1712.652099609375,634.97705078125,2193.974365234375,4950.5205078125,4383.88134765625,3272.112060546875,6202.68310546875,5638.7890625,2191.0380859375,3615.408935546875,3750.84765625,3339.712646484375,10487.845703125,1787.9593505859375,5055.82177734375,152.02334594726562,3093.81494140625,30738.412109375,2898.400146484375,55333.11328125,4827.70654296875,2059.473388671875,6789.3203125,2603.79248046875,1405.531005859375,1816.176513671875,4412.498046875,6382.26025390625,70275.265625,2654.426025390625,1414.4239501953125,7593.7021484375,2352.42529296875,4076.39892578125
2026-02-16,2856.318359375,4065.48974609375,3621.113525390625,19611.8046875,27259.064453125,3612.214599609375,5440.22265625,2969.3349609375,2139.51806640625,2270.57421875,2366.12548828125,8286.712890625,3593.94580078125,66553.875,1453.7098388671875,6352.79541015625,40996.63671875,5317.361328125,1514.8712158203125,2912.0,1610.70068359375,3252.31787109375,1382.914794921875,16875.1640625,381.82421875,1090.16748046875,27063.1640625,5767.81396484375,4452.923828125,9199.59375,71851.6171875,5056.8818359375,4709.81689453125,3012.264404296875,3023.453857421875,3748.746337890625,2122.1201171875,5789.5302734375,1895.5657958984375,5855.8369140625,3767.191650390625,5861.5166015625,1954.8182373046875,4880.96044921875,4999.20751953125,1008.165771484375,157.58714294433594,1963.6883544921875,4539.7265625,5569.505859375,3254.081787109375,2645.8779296875,4945.912109375,210.76889038085938,7659.7646484375,4125.5,5844.5703125,4008.5400390625,5487.96533203125,1647.1368408203125,2395.160400390625,2301.42333984375,2747.874755859375,390.5958557128906,5261.48828125,3412.702880859375,1696.3834228515625,661.2384643554688,2173.841796875,4945.6181640625,4681.4658203125,3255.482421875,6158.357421875,5549.61474609375,2151.417236328125,3557.350341796875,3507.145751953125,3261.160400390625,10611.6982421875,1816.9002685546875,5070.576171875,151.6300048828125,3024.411865234375,30589.00390625,2915.667236328125,57891.23828125,4811.7900390625,2013.465576171875,6539.84375,2569.67529296875,1356.31298828125,1582.3529052734375,4523.90478515625,6583.2841796875,73906.09375,2653.933349609375,1400.201171875,7192.31640625,2320.328857421875,4176.84228515625
2026-02-17,2822.46630859375,3891.22607421875,3647.59521484375,19705.94921875,27249.126953125,3658.525146484375,5461.845703125,2880.88671875,2139.023681640625,2300.72998046875,2333.869140625,8247.4814453125,3473.417236328125,67091.328125,1491.8880615234375,6102.2763671875,41759.50390625,5364.40869140625,1529.4794921875,2984.5,1615.38720703125,3476.205810546875,1404.159912109375,16786.087890625,372.89666748046875,1099.506103515625,26758.578125,5629.921875,4600.25927734375,9088.587890625,71314.6640625,4868.9638671875,4696.080078125,2978.585693359375,3049.15185546875,3721.0439453125,2128.055908203125,5690.52978515625,1932.8018798828125,5759.05419921875,3660.348876953125,5802.24951171875,1878.927001953125,4843.3232421875,4817.14697265625,1067.4696044921875,150.08299255371094,1947.41064453125,4597.50634765625,5376.18896484375,3263.9189453125,2543.7529296875,4806.31005859375,210.27871704101562,7490.29248046875,4119.61767578125,5827.712890625,4009.527587890625,5436.2578125,1652.0537109375,2388.264892578125,2352.765380859375,2729.42919921875,387.7505187988281,5219.04931640625,3439.410888671875,1706.2431640625,661.4344482421875,2214.59814453125,4951.5009765625,4442.798828125,3297.54541015625,6154.4169921875,5380.18359375,2258.393798828125,3553.203125,3522.868408203125,3242.880859375,10215.369140625,1812.4854736328125,5067.625,150.54833984375,3002.90673828125,30499.357421875,2911.227294921875,57921.09765625,4794.87890625,2017.91796875,6488.36474609375,2584.5087890625,1350.1912841796875,1531.86279296875,4612.43310546875,6445.63720703125,72120.4375,2630.778564453125,1406.576904296875,6920.44189453125,2279.343994140625,3981.9228515625
2026-02-18,2896.057373046875,3851.620849609375,3719.193603515625,20018.111328125,26946.029296875,3675.275634765625,5709.53076171875,2880.88671875,2182.293701171875,2286.887939453125,2459.4208984375,8470.12109375,3459.4716796875,67200.8046875,1538.38720703125,6314.8681640625,42988.015625,5461.4443359375,1541.166015625,2961.0,1618.1004638671875,3576.26171875,1426.393310546875,16766.29296875,375.153076171875,1111.3023681640625,26923.353515625,5789.482421875,4648.0439453125,9316.5458984375,71424.046875,4883.8779296875,4718.64794921875,2943.421142578125,3108.45458984375,3795.2470703125,2185.931884765625,5728.14990234375,1956.633056640625,5830.4189453125,3647.48828125,5898.064453125,1926.5450439453125,4853.22802734375,4805.20849609375,1068.4580078125,156.32020568847656,1960.728759765625,4626.396484375,5505.06689453125,3331.794189453125,2516.124755859375,4937.93505859375,209.69052124023438,7489.30712890625,4248.04931640625,5904.0673828125,4006.56494140625,5593.369140625,1679.587890625,2476.42724609375,2393.141357421875,2761.3349609375,392.16571044921875,5350.31494140625,3536.351318359375,1754.0633544921875,674.369140625,2258.7919921875,5037.78466796875,4319.97021484375,3311.240234375,6380.97216796875,5398.0185546875,2410.439208984375,3705.81494140625,3588.707275390625,3252.76171875,10517.5703125,1812.4854736328125,5142.38037109375,150.4499969482422,3010.726806640625,31047.19140625,2899.88037109375,58130.12890625,4838.6494140625,2031.769775390625,6696.26171875,2608.24267578125,1359.2513427734375,1495.5882568359375,4615.4169921875,6304.029296875,70701.8359375,2640.631591796875,1425.7039794921875,6953.06689453125,2301.07080078125,4018.71875
2026-02-19,2952.477294921875,3885.285400390625,3704.4814453125,19800.09375,27428.005859375,3718.630126953125,5715.42822265625,2954.755615234375,2304.438720703125,2262.66455078125,2506.068359375,8452.466796875,3431.580810546875,67360.046875,1544.750244140625,6324.84912109375,44216.52734375,5459.484375,1540.192138671875,2998.5,1638.080078125,3631.738525390625,1437.262939453125,17097.857421875,375.74169921875,1113.2684326171875,25959.666015625,6036.70263671875,4754.5634765625,9509.814453125,73651.3828125,4963.419921875,4618.56396484375,3004.340087890625,3014.55859375,3793.268310546875,2242.818603515625,5769.72998046875,1982.946533203125,5838.23974609375,3673.209716796875,5881.27197265625,1993.5078125,4929.49267578125,4957.42333984375,1047.70166015625,160.60830688476562,1991.804443359375,4786.7861328125,5695.40966796875,3306.218017578125,2572.36767578125,4937.93505859375,209.2003631591797,7516.8955078125,4221.57861328125,5888.201171875,4023.353515625,5698.7734375,1665.82080078125,2497.60595703125,2327.842041015625,2750.865966796875,396.97332763671875,5519.08544921875,3602.627197265625,1771.81103515625,673.7811889648438,2250.935302734375,5093.6728515625,4433.8115234375,3320.044189453125,6324.826171875,5541.68798828125,2360.912841796875,3807.00341796875,3638.8232421875,3263.136474609375,10354.0849609375,1822.2960205078125,5326.31787109375,149.9583282470703,3016.591796875,30887.8203125,2901.853759765625,59941.71875,5090.33056640625,2079.261962890625,6826.93994140625,2626.537353515625,1387.410888671875,1517.6470947265625,4589.55517578125,6435.73486328125,72596.609375,2602.20458984375,1431.098876953125,7223.953125,2357.85693359375,4029.658203125
2026-02-20,2886.73583984375,3795.18310546875,3680.9423828125,19552.34375,27373.349609375,3581.66943359375,5690.85595703125,2968.363037109375,2410.264892578125,2166.265380859375,2491.677001953125,8422.0625,3323.00537109375,66643.453125,1529.08740234375,6271.95068359375,43552.734375,5405.57568359375,1502.69775390625,2908.0,1574.1947021484375,3640.654296875,1438.7452392578125,16706.908203125,367.2065734863281,1098.5230712890625,25440.373046875,5873.20263671875,4788.4111328125,9841.8408203125,73641.4453125,4901.77490234375,4596.9775390625,3017.21728515625,2965.139404296875,3773.480712890625,2169.11328125,5652.91015625,1948.19287109375,5761.00927734375,3591.09912109375,5831.8828125,1964.7386474609375,4943.359375,5018.1103515625,1052.6436767578125,155.24819946289062,1984.898681640625,4605.47607421875,5700.3662109375,3225.5546875,2603.44921875,4950.89794921875,205.86727905273438,7430.1884765625,4235.30419921875,5934.80712890625,3979.900634765625,5817.10400390625,1680.07958984375,2439.48779296875,2287.96484375,2702.5087890625,392.55816650390625,5339.45849609375,3605.5947265625,1715.6099853515625,660.3565673828125,2175.314697265625,5113.28271484375,4322.96630859375,3232.00537109375,6378.01708984375,5454.49560546875,2357.446044921875,3798.709228515625,3557.26171875,3223.119140625,10522.5244140625,1841.4263916015625,5351.89208984375,148.48333740234375,2953.0537109375,30519.279296875,2879.653076171875,61146.125,5062.4765625,2063.92578125,6667.55224609375,2627.031982421875,1342.8453369140625,1450.9803466796875,4577.61865234375,6358.494140625,72299.0078125,2577.57177734375,1377.6409912109375,7093.453125,2265.517822265625,3894.407958984375
2026-02-24,2833.750244140625,3525.86669921875,3696.635009765625,20280.7265625,28918.658203125,3602.361328125,5718.376953125,2960.587158203125,2569.004150390625,2205.813720703125,2440.563232421875,8376.9462890625,3293.122314453125,66533.96875,1480.140869140625,6151.1826171875,43968.84375,5451.64306640625,1502.69775390625,2839.0,1560.6282958984375,4007.1962890625,1437.757080078125,16543.599609375,358.67144775390625,1125.55615234375,26583.81640625,5720.53662109375,4776.46484375,10010.3310546875,75192.625,4785.44482421875,4569.50341796875,3102.404541015625,2953.773193359375,3787.33203125,2169.11328125,5740.0302734375,1955.6400146484375,5846.060546875,3277.496337890625,5831.8828125,1911.1683349609375,5083.01318359375,5048.951171875,1081.8013916015625,152.5194091796875,2011.5350341796875,4612.44970703125,5878.8125,3252.114501953125,2615.783203125,4797.33544921875,204.886962890625,7406.54150390625,4148.048828125,5896.13427734375,3965.087158203125,5882.73291015625,1674.671142578125,2471.009521484375,2313.386474609375,2701.51171875,393.539306640625,5331.5625,3590.7568359375,1807.306396484375,650.5575561523438,2183.17138671875,5150.54150390625,4090.291015625,3258.4169921875,6245.0390625,5504.03662109375,2347.540771484375,4178.580078125,3602.464599609375,3278.45166015625,10329.3134765625,1915.4954833984375,5414.84423828125,148.2866668701172,2850.904052734375,31794.236328125,2938.361083984375,63445.453125,5032.6328125,2038.6956787109375,6899.20849609375,2679.9384765625,1323.0111083984375,1412.7451171875,4672.115234375,6478.31591796875,75394.1328125,2581.512939453125,1357.5330810546875,6851.23779296875,2224.533203125,3652.747802734375
2026-02-25,2777.821044921875,3762.5087890625,3719.193603515625,20345.140625,28784.5,3665.42236328125,5702.65087890625,2867.279296875,2649.36279296875,2189.5,2521.948486328125,8350.46484375,3279.1767578125,67370.0,1484.5460205078125,6277.93896484375,45801.703125,5471.24609375,1508.0540771484375,2949.0,1585.2945556640625,4183.53271484375,1422.934814453125,16697.009765625,360.044921875,1107.86181640625,28576.103515625,5613.17822265625,4649.03955078125,10258.111328125,79547.875,4852.06103515625,4571.4658203125,3073.6787109375,3004.6748046875,3778.427734375,2175.5439453125,5949.91064453125,2030.1123046875,5940.88818359375,3309.1533203125,5917.8203125,1815.436279296875,5111.736328125,5174.30419921875,1082.295654296875,149.79061889648438,1954.8095703125,4605.47607421875,5882.77783203125,3297.36474609375,2630.090576171875,4738.5029296875,206.2593994140625,7512.95458984375,4152.951171875,5929.84912109375,4020.390869140625,5827.0478515625,1676.1461181640625,2494.158203125,2276.5,2767.317138671875,396.8752136230469,5410.51953125,3624.38916015625,1793.99560546875,614.6930541992188,2185.626708984375,5145.63916015625,4031.373291015625,3277.0029296875,6277.544921875,5647.70654296875,2355.465087890625,4449.79833984375,3662.4072265625,3284.874267578125,10294.634765625,2011.63818359375,5405.0078125,148.38499450683594,2888.5380859375,32411.79296875,2955.628173828125,66839.6953125,5192.7939453125,2072.83056640625,7022.95703125,2748.66748046875,1309.2987060546875,1422.058837890625,4911.83837890625,6669.4375,75354.453125,2616.491455078125,1372.7366943359375,6567.49951171875,2237.865478515625,3739.26806640625
2026-02-26,2870.05517578125,4119.947265625,3727.039794921875,19522.61328125,29023.00390625,3720.600830078125,5632.86669921875,2944.06396484375,2531.91552734375,2168.0,2505.075927734375,8569.1806640625,3384.763916015625,67930.0,1548.6658935546875,6737.05712890625,44890.2265625,5488.88916015625,1520.2275390625,2906.5,1588.0078125,4049.79443359375,1430.345947265625,16518.85546875,372.700439453125,1120.1495361328125,28086.76953125,5801.3017578125,4743.61279296875,10203.599609375,78623.125,5118.52685546875,4663.69970703125,3053.86767578125,3151.943359375,3803.162109375,2199.2880859375,5905.3603515625,2033.0911865234375,5875.388671875,3507.999267578125,6072.90234375,1876.4468994140625,5111.736328125,5168.3349609375,1066.4813232421875,151.5448455810547,1991.3111572265625,4570.60888671875,5926.3984375,3305.234375,2608.3828125,4887.07958984375,206.35743713378906,7420.33544921875,4204.912109375,5970.50537109375,4080.632568359375,5836.99169921875,1703.188720703125,2489.23291015625,2203.0,2809.69189453125,400.1130065917969,5427.2978515625,3608.562255859375,1785.121826171875,613.125244140625,2192.501220703125,5275.064453125,4192.14892578125,3295.589111328125,6383.92724609375,5655.63330078125,2407.467529296875,4555.962890625,3682.060791015625,3269.06494140625,10299.5888671875,2023.9012451171875,5597.7978515625,149.56500244140625,2904.17822265625,33358.05078125,3010.389404296875,65286.90234375,5249.4970703125,2079.756591796875,6946.72802734375,2718.505859375,1337.703125,1460.7843017578125,4844.19873046875,6944.73095703125,72953.7421875,2636.19775390625,1384.9976806640625,6903.63525390625,2277.862548828125,4092.310791015625
2026-02-27,2912.738037109375,4323.91455078125,3752.540771484375,19735.677734375,28088.861328125,3768.8818359375,5719.35986328125,2975.166748046875,2565.29541015625,2195.5,2517.978515625,8822.2255859375,3628.8095703125,69030.0,1577.054931640625,6852.83447265625,43602.26953125,5531.03564453125,1543.11376953125,2969.0,1643.5067138671875,4069.607666015625,1470.365966796875,16588.138671875,381.62799072265625,1140.79296875,26813.50390625,5906.6904296875,4772.48291015625,10362.1796875,75073.3046875,5196.080078125,4672.53076171875,3145.98876953125,3206.30419921875,3818.9921875,2245.78662109375,5947.9306640625,2095.1513671875,5852.90380859375,3549.54931640625,6168.7177734375,1895.295654296875,5239.50537109375,5260.85791015625,1057.0914306640625,155.83291625976562,2008.575439453125,4590.533203125,6114.75830078125,3299.33203125,2671.0390625,4999.7587890625,209.59249877929688,7422.30615234375,4290.2060546875,5987.36279296875,4191.240234375,5957.3115234375,1671.2293701171875,2562.61962890625,2226.5,2807.69775390625,405.3131103515625,5470.72412109375,3624.38916015625,1818.645263671875,623.2182006835938,2209.687744140625,5264.279296875,4083.30078125,3328.84814453125,6429.23828125,5818.12841796875,2401.5244140625,4439.84521484375,3730.21142578125,3297.225341796875,10611.6982421875,2095.027099609375,5703.04541015625,150.74501037597656,2899.779541015625,33527.37890625,3023.216552734375,65754.734375,5250.49169921875,2084.208984375,6918.0185546875,2732.844970703125,1342.6004638671875,1498.0391845703125,4941.6796875,7043.7578125,74818.7578125,2631.763916015625,1424.72314453125,7069.72607421875,2341.068115234375,4310.10302734375
2026-03-02,2767.027587890625,4084.30224609375,3738.8095703125,19923.966796875,27949.734375,3886.135986328125,5694.78759765625,2843.9521484375,2686.451416015625,2146.5,2573.062255859375,8574.0849609375,3579.004150390625,67750.0,1526.1505126953125,6675.17578125,43126.71875,5468.3056640625,1512.4365234375,2898.5,1629.693603515625,4027.009521484375,1525.7022705078125,16508.958984375,378.0962219238281,1139.8099365234375,25764.9296875,5640.75634765625,4821.2626953125,10054.931640625,74486.640625,5039.97900390625,4647.01904296875,3098.4423828125,3133.1640625,3838.779541015625,2206.7080078125,5865.76025390625,2023.657958984375,5848.01611328125,3494.1494140625,6028.4521484375,1829.324951171875,5273.1806640625,5313.5859375,1022.9917602539062,154.17616271972656,1947.41064453125,4627.39306640625,6268.42041015625,3298.348388671875,2705.57421875,5180.24462890625,208.51414489746094,7479.4541015625,4234.32373046875,5957.6142578125,4149.76220703125,5960.29443359375,1662.8707275390625,2447.3681640625,2140.5,2782.27294921875,401.6828308105469,5304.91455078125,3514.58935546875,1858.0845947265625,616.848876953125,2179.734130859375,5489.79296875,4040.360595703125,3150.81396484375,6265.724609375,5984.58740234375,2314.3583984375,4715.2099609375,3633.909912109375,3331.80810546875,10349.1298828125,2108.271240234375,5949.93505859375,149.7616729736328,2852.370361328125,34154.8984375,2896.4267578125,63783.87890625,5280.33544921875,2059.96826171875,6878.4189453125,2739.27294921875,1303.91162109375,1430.3922119140625,4908.8544921875,6897.1982421875,74283.0625,2623.88134765625,1328.59716796875,6732.6015625,2236.8779296875,4254.412109375
2026-03-03,2722.873046875,4029.844970703125,3599.535888671875,19304.595703125,28133.58203125,3647.6865234375,5628.93505859375,2790.98046875,2552.932373046875,2073.0,2413.765625,8423.04296875,3354.880615234375,64890.0,1484.056640625,6770.99169921875,42205.33203125,5343.82568359375,1452.055908203125,2726.0,1560.6282958984375,3695.140380859375,1430.345947265625,15969.5478515625,368.5800476074219,1091.6419677734375,25690.033203125,5478.2412109375,4587.31787109375,9784.35546875,72617.265625,4787.43310546875,4529.27392578125,2948.3740234375,3032.349365234375,3727.969482421875,2131.02392578125,5699.43994140625,1999.3304443359375,5675.9580078125,3385.328125,5882.259765625,1759.385986328125,5264.2666015625,5086.755859375,952.8154907226562,149.10842895507812,1931.6260986328125,4545.70361328125,6064.1982421875,3246.21240234375,2656.238525390625,4908.02001953125,206.8476104736328,7127.69970703125,4102.95068359375,5855.47802734375,4015.453125,5602.31884765625,1639.7615966796875,2363.638427734375,2075.0,2707.99267578125,388.43731689453125,5078.90087890625,3459.194580078125,1800.404541015625,607.833740234375,2104.11376953125,5444.6904296875,3986.43603515625,3047.123779296875,6027.34912109375,5904.33056640625,2074.15625,4536.88671875,3514.0244140625,3163.34033203125,10041.9755859375,2007.7139892578125,5907.63916015625,149.56500244140625,2684.7275390625,34085.171875,2801.21142578125,62629.2421875,5058.49755859375,1986.256591796875,6754.6708984375,2647.304443359375,1282.8531494140625,1383.823486328125,4689.02490234375,6539.71240234375,71049.046875,2631.271240234375,1260.42626953125,6426.125,2075.407958984375,4145.0185546875
2026-03-04,2594.82421875,4102.12451171875,3531.860595703125,18764.501953125,27244.158203125,3468.356689453125,5511.97265625,2648.58837890625,2458.974609375,2025.0,2364.140625,8534.853515625,3375.798828125,64320.0,1422.87353515625,6747.03759765625,40313.02734375,5267.373046875,1412.61376953125,2625.0,1447.1639404296875,3622.822509765625,1316.708740234375,16053.67578125,364.6558532714844,1004.1533813476562,24466.697265625,5120.70751953125,4633.111328125,9670.3759765625,68570.265625,4722.80517578125,4410.54736328125,2772.55126953125,2931.53466796875,3665.638671875,2044.457275390625,5198.4990234375,1928.3336181640625,5545.93701171875,3406.10302734375,5622.47265625,1665.6380615234375,4905.72216796875,4809.18798828125,951.728271484375,145.21017456054688,1808.8031005859375,4522.791015625,5882.77783203125,3177.353271484375,2575.32763671875,4613.85791015625,206.55349731445312,6923.74169921875,3946.087890625,5888.201171875,4050.017822265625,5438.24658203125,1619.6026611328125,2296.65478515625,2070.0,2785.7626953125,374.60308837890625,4798.60400390625,3381.048828125,1674.6917724609375,593.0372314453125,2049.1171875,5289.77197265625,3700.834716796875,3023.646728515625,5932.787109375,5512.9541015625,2084.556884765625,4209.26806640625,3424.6015625,3135.674072265625,9992.4345703125,1938.5501708984375,5801.40771484375,148.67999267578125,2610.925537109375,32959.625,2772.597412109375,60678.296875,4825.71728515625,1931.838623046875,6290.36767578125,2551.875,1219.432861328125,1334.313720703125,4508.98388671875,6141.6259765625,66872.609375,2610.57958984375,1195.197998046875,6050.44384765625,2055.162353515625,4168.88623046875
2026-03-05,2683.624267578125,4096.18408203125,3496.552001953125,19423.515625,27964.640625,3429.928955078125,5534.57861328125,2771.05517578125,2466.392333984375,2006.0,2443.540771484375,8412.2548828125,3366.833984375,64360.0,1491.3985595703125,6911.7216796875,41333.48828125,5191.90087890625,1394.110107421875,2623.5,1468.3768310546875,3772.411376953125,1390.8199462890625,15979.4453125,365.7349853515625,1016.4411010742188,25500.291015625,5310.80126953125,4539.533203125,9640.642578125,71255.0078125,4832.17529296875,4455.68310546875,2796.324462890625,2958.715087890625,3690.373291015625,2086.00927734375,5397.4892578125,1961.597900390625,5552.7802734375,3458.53515625,5890.162109375,1774.2666015625,5065.18505859375,4949.46435546875,935.0243530273438,149.4008026123047,1856.6497802734375,4401.25341796875,6172.25732421875,3199.978271484375,2528.458740234375,4755.45458984375,205.3771209716797,7029.16943359375,4053.93115234375,5913.9833984375,4030.2666015625,5586.40869140625,1618.6192626953125,2348.86279296875,2034.5,2740.396728515625,381.17681884765625,4862.75634765625,3402.810791015625,1699.8343505859375,587.84375,2066.794677734375,5403.50927734375,3858.6142578125,3004.08251953125,6099.255859375,5849.8349609375,2173.208740234375,4366.02734375,3421.653564453125,3074.906982421875,10076.654296875,2000.3560791015625,5935.1806640625,147.69667053222656,2610.436767578125,33417.8125,2806.144775390625,61026.6796875,4900.326171875,1954.59521484375,6392.3359375,2589.453369140625,1266.2022705078125,1325.9803466796875,4470.19091796875,6192.12939453125,68370.5703125,2639.646240234375,1209.9111328125,6436.01123046875,2055.65625,4200.7099609375
2026-03-06,2707.6640625,4347.677734375,3499.494384765625,19790.18359375,28332.3359375,3463.43017578125,5589.6201171875,2743.3544921875,2447.106201171875,2072.5,2479.270751953125,8513.2763671875,3459.4716796875,65430.0,1507.5509033203125,6988.57373046875,41402.8359375,5225.22607421875,1423.8134765625,2610.5,1448.150634765625,3747.64501953125,1380.4443359375,16108.1123046875,386.14080810546875,1019.8816528320312,25675.052734375,5341.33447265625,4586.322265625,9500.89453125,73094.5546875,4803.34130859375,4436.05859375,2794.838623046875,2966.1279296875,3669.59619140625,2067.2119140625,5329.17919921875,2046.4962158203125,5586.0185546875,3643.53125,5933.62451171875,1796.5875244140625,5024.57666015625,5056.91015625,941.5477294921875,148.62115478515625,1858.6229248046875,4301.63232421875,6193.076171875,3180.304443359375,2554.606689453125,4747.4775390625,206.45547485351562,7067.59619140625,4041.18603515625,5903.07568359375,4074.70703125,5486.97119140625,1620.5860595703125,2368.0712890625,2046.0,2794.736083984375,382.94287109375,4995.99609375,3413.69189453125,1688.0025634765625,591.6653442382812,1997.5577392578125,5432.92431640625,3920.528076171875,2991.36572265625,6076.6005859375,5876.58740234375,2216.791748046875,4163.65087890625,3414.774658203125,3109.489990234375,9967.6640625,2003.29931640625,5860.42529296875,148.58168029785156,2663.711181640625,33178.7578125,2828.838623046875,61464.6484375,4948.076171875,1996.1507568359375,6230.96875,2611.703857421875,1270.854736328125,1334.313720703125,4494.0634765625,6222.82763671875,69392.359375,2629.300537109375,1222.66259765625,6477.53369140625,2096.147216796875,4420.4912109375
2026-03-09,2614.939208984375,4338.7666015625,3514.206298828125,18873.51171875,26598.208984375,3343.219970703125,5520.818359375,2607.76611328125,2256.2236328125,2065.0,2410.2919921875,8440.697265625,3332.96630859375,63260.0,1439.02587890625,6687.15283203125,38559.42578125,5200.72216796875,1416.0223388671875,2400.0,1384.511962890625,3440.542236328125,1317.202880859375,16113.060546875,390.9479675292969,932.884521484375,22843.90625,5131.5419921875,4353.37255859375,9395.8359375,66124.171875,4690.98828125,4376.20458984375,2644.770263671875,2933.01708984375,3748.746337890625,2007.85205078125,5098.5087890625,2027.6298828125,5533.22802734375,3643.53125,5699.51953125,1736.5689697265625,4871.05615234375,4791.2802734375,906.4596557617188,145.1127166748047,1785.61962890625,4276.72705078125,5918.46728515625,3180.304443359375,2574.83447265625,4566.99169921875,209.59249877929688,6543.41357421875,3946.087890625,5950.6728515625,4078.657470703125,5205.5625,1599.935302734375,2334.579345703125,2016.5,2829.633056640625,368.32373046875,4860.7822265625,3352.3623046875,1607.6448974609375,578.7305908203125,1958.2744140625,5452.5341796875,3536.064453125,2899.4140625,5932.787109375,5669.5048828125,2080.099609375,3751.432861328125,3322.40380859375,3078.365478515625,9779.408203125,1920.8912353515625,5863.3759765625,151.43333435058594,2614.346923828125,30240.3828125,2811.078125,57602.578125,4729.22265625,1929.364990234375,5856.75390625,2496.001708984375,1218.20849609375,1338.2353515625,4321.97998046875,5878.21533203125,63956.05078125,2640.631591796875,1157.9246826171875,6105.80712890625,2018.1280517578125,4394.634765625
2026-03-10,2670.3779296875,4299.1611328125,3536.7646484375,19051.890625,27273.97265625,3422.04638671875,5619.10595703125,2667.0556640625,2455.512939453125,2055.0,2477.781982421875,8944.82421875,3389.744384765625,64250.0,1461.0517578125,6585.3486328125,39659.14453125,5229.14697265625,1428.1959228515625,2549.5,1423.7310791015625,3637.682373046875,1344.376953125,15915.111328125,399.48309326171875,959.5242919921875,24042.275390625,5275.34326171875,4311.56103515625,9435.48046875,69395.578125,4903.76318359375,4388.96044921875,2727.9765625,2981.94189453125,3714.1181640625,2065.2333984375,5358.87939453125,2028.622802734375,5614.369140625,3617.809814453125,5840.77294921875,1793.6114501953125,5127.583984375,4922.60302734375,907.6456909179688,146.7694854736328,1836.919189453125,4319.56396484375,6045.3623046875,3209.8154296875,2561.020263671875,4634.79833984375,210.76889038085938,7062.669921875,4008.8330078125,5981.4130859375,4144.82470703125,5386.5390625,1579.28466796875,2381.36962890625,1988.5,2792.741943359375,377.4484558105469,4872.6259765625,3412.702880859375,1645.605224609375,587.9417114257812,1971.04150390625,5482.9296875,3626.937744140625,2912.619873046875,5997.798828125,5837.9453125,2187.076171875,3991.962158203125,3353.849365234375,3109.489990234375,10096.470703125,1926.2869873046875,5902.72119140625,151.53167724609375,2637.80712890625,34633.0078125,2808.1181640625,60369.73046875,4887.39404296875,1946.6798095703125,6338.876953125,2596.375732421875,1258.1217041015625,1391.6666259765625,4349.83154296875,6093.10302734375,66981.734375,2669.6982421875,1195.197998046875,6377.681640625,2038.8673095703125,4475.18798828125
2026-03-11,2634.072998046875,4205.0986328125,3540.68798828125,19225.31640625,27601.916015625,3458.50341796875,5655.47265625,2676.775146484375,2649.36279296875,2045.0,2622.6875,9741.2275390625,3432.576904296875,63530.0,1441.47314453125,6515.48291015625,40154.51171875,5203.66259765625,1428.1959228515625,2648.0,1422.9910888671875,3722.878662109375,1355.7406005859375,15707.2646484375,406.8409729003906,952.6431884765625,24851.173828125,5222.15673828125,4465.865234375,9380.96875,71960.9921875,4838.14111328125,4427.22802734375,2737.38671875,3046.186767578125,3776.448974609375,2057.813232421875,5414.3193359375,2039.54541015625,5658.361328125,3516.90283203125,5833.8583984375,1787.1630859375,5170.17333984375,4966.376953125,905.8666381835938,148.523681640625,1837.90576171875,4362.4013671875,6096.91357421875,3251.130859375,2597.52880859375,4602.88916015625,212.63148498535156,7192.72998046875,4013.735107421875,5978.43798828125,4203.0908203125,5468.078125,1566.9925537109375,2432.59228515625,1987.0,2823.650634765625,380.9805603027344,4885.45654296875,3421.60546875,1685.53759765625,599.0145874023438,1988.718994140625,5608.43310546875,3882.580810546875,2954.19384765625,5925.89208984375,5913.248046875,2135.073486328125,4254.88623046875,3382.3466796875,3117.888671875,10780.1376953125,1934.1353759765625,6146.65966796875,152.90834045410156,2651.00341796875,36057.37109375,2816.505126953125,61375.0625,4991.8466796875,1927.38623046875,6476.48486328125,2611.703857421875,1252.0,1322.549072265625,4444.32861328125,6207.9736328125,67824.9609375,2622.89599609375,1209.9111328125,6281.7841796875,2068.494873046875,4287.22998046875
2026-03-12,2604.14599609375,4195.197265625,3475.955078125,19245.134765625,27532.3515625,3416.13427734375,5567.99658203125,2582.981201171875,2562.82275390625,2028.5,2592.416015625,9955.0400390625,3445.526123046875,65170.0,1397.910888671875,6503.505859375,39381.73828125,5101.72607421875,1410.666015625,2597.5,1380.5653076171875,3685.233642578125,1336.4718017578125,16266.470703125,391.63470458984375,925.41357421875,24466.697265625,5076.38525390625,4405.13916015625,9345.2880859375,70837.3828125,4897.7978515625,4376.20458984375,2679.934814453125,3020.48876953125,3722.033203125,2032.0906982421875,5321.25927734375,2030.1123046875,5533.22802734375,3507.010009765625,5690.62939453125,1711.7679443359375,5071.1279296875,4768.3984375,902.7037353515625,146.86692810058594,1776.7408447265625,4281.7080078125,6345.7470703125,3229.4892578125,2541.2861328125,4767.42041015625,209.59249877929688,7099.1259765625,3932.3623046875,5826.72119140625,4195.1904296875,5491.94287109375,1570.434326171875,2337.0419921875,2029.0,2784.26708984375,375.682373046875,4781.82568359375,3367.199951171875,1626.3785400390625,589.99951171875,1967.1131591796875,5627.0625,3742.776123046875,2932.673095703125,5789.958984375,5738.8623046875,2151.912353515625,4263.18017578125,3356.79736328125,3042.30029296875,10918.8525390625,1826.22021484375,6072.8876953125,153.10499572753906,2631.453369140625,36206.78125,2861.3994140625,61385.015625,4810.79541015625,1849.7169189453125,6290.36767578125,2540.50244140625,1206.4549560546875,1314.2156982421875,4374.69921875,6164.40185546875,67824.9609375,2587.91748046875,1186.3701171875,6116.68212890625,2011.2149658203125,4183.8037109375
2026-03-13,2606.1083984375,4262.5263671875,3474.974365234375,18883.421875,27591.978515625,3320.557373046875,5575.85986328125,2555.766357421875,2569.004150390625,2041.0,2590.92724609375,10023.6962890625,3444.530029296875,65000.0,1391.058349609375,6501.509765625,37984.80078125,5096.82568359375,1332.2686767578125,2461.5,1374.3988037109375,3615.887939453125,1347.83544921875,16113.060546875,390.6536560058594,908.800537109375,23617.853515625,5031.078125,4439.98193359375,9278.8828125,69216.59375,4825.2158203125,4325.181640625,2657.152099609375,2977.988525390625,3681.46875,2048.909423828125,5535.099609375,2056.92236328125,5583.0859375,3536.6884765625,5757.798828125,1733.5928955078125,5161.25927734375,4765.4140625,906.8550415039062,144.43051147460938,1756.5169677734375,4204.00390625,6474.625,3217.68505859375,2567.43408203125,4731.52294921875,209.00430297851562,6988.77197265625,3912.75439453125,5956.62255859375,4210.99169921875,5425.31982421875,1573.384521484375,2326.20654296875,2019.0,2778.783203125,373.7200622558594,4715.69921875,3372.14599609375,1593.8411865234375,581.2783813476562,1902.78662109375,5529.9931640625,3573.012939453125,2872.51318359375,5816.5546875,5774.5322265625,2133.587890625,4399.20361328125,3291.941162109375,3046.252685546875,10903.990234375,1819.352783203125,6015.837890625,152.12167358398438,2565.471435546875,37402.0546875,2780.984130859375,60598.66796875,4704.35302734375,1801.7301025390625,6240.8681640625,2504.90185546875,1212.5765380859375,1284.803955078125,4381.662109375,6043.58935546875,65672.2578125,2593.336669921875,1158.4151611328125,6066.26171875,1939.121337890625,4233.52783203125
2026-03-16,2584.521484375,4278.36865234375,3468.108642578125,18729.818359375,27398.193359375,3289.02685546875,5638.763671875,2500.8505859375,2509.662353515625,2045.0,2551.227294921875,9906.0009765625,3370.818359375,64700.0,1388.6109619140625,6422.6611328125,38787.296875,5088.984375,1309.3824462890625,2474.5,1389.6917724609375,3573.289794921875,1312.7562255859375,16459.470703125,389.9669189453125,894.743408203125,24107.1875,5003.49951171875,4333.46240234375,9036.05859375,69524.84375,4772.51904296875,4274.15869140625,2575.431640625,2970.081298828125,3681.46875,2010.3253173828125,5576.6796875,2059.901123046875,5675.9580078125,3503.052978515625,5714.33642578125,1721.1923828125,5125.60302734375,4795.259765625,896.1803588867188,144.23561096191406,1742.2122802734375,4225.92041015625,6448.84912109375,3181.2880859375,2576.807861328125,4778.38916015625,210.37677001953125,6791.7109375,3895.107177734375,5961.58056640625,4210.00390625,5322.89892578125,1560.6007080078125,2312.415771484375,1966.0,2752.361328125,371.85589599609375,4694.97314453125,3373.13525390625,1572.642578125,570.9894409179688,1898.8582763671875,5514.3056640625,3603.9697265625,2852.4599609375,5807.689453125,5919.19287109375,2050.879150390625,4251.568359375,3245.755615234375,3046.252685546875,10844.541015625,1808.07080078125,5940.0986328125,153.10499572753906,2510.73095703125,37651.0703125,2736.583251953125,59334.53515625,4662.57177734375,1808.161376953125,6301.25732421875,2432.217041015625,1203.2716064453125,1304.4117431640625,4454.275390625,5899.0107421875,65235.765625,2598.26318359375,1158.4151611328125,6025.72802734375,1876.40966796875,4243.47265625
2026-03-17,2609.54248046875,4271.4375,3477.916748046875,18937.927734375,27507.5078125,3329.42529296875,5720.34228515625,2514.944091796875,2355.12646484375,2052.0,2582.9873046875,9631.37890625,3314.040283203125,65100.0,1399.3792724609375,6552.41162109375,38420.72265625,5138.97216796875,1306.94775390625,2483.0,1411.1513671875,3766.46728515625,1341.4124755859375,16350.599609375,390.9479675292969,896.5128173828125,23512.99609375,5048.80712890625,4382.2421875,9235.2734375,66969.3671875,4773.51318359375,4259.4404296875,2607.12939453125,2940.92431640625,3716.096923828125,2041.9840087890625,5637.06982421875,2076.28515625,5746.34521484375,3484.256591796875,5782.49365234375,1726.6485595703125,5246.4384765625,4835.0546875,910.80859375,146.28219604492188,1761.4495849609375,4293.66259765625,6377.470703125,3177.353271484375,2561.513671875,4867.13671875,211.45510864257812,6500.060546875,3950.98974609375,6018.1025390625,4182.35205078125,5428.302734375,1558.142333984375,2358.71337890625,1973.5,2797.727294921875,373.7200622558594,4741.35986328125,3436.443359375,1574.1214599609375,580.5924682617188,1910.15234375,5827.08349609375,3539.060302734375,2889.6318359375,5854.970703125,6148.07373046875,2089.01416015625,4081.5390625,3230.032958984375,3109.98388671875,10948.5771484375,1818.8623046875,6173.21728515625,154.6783447265625,2519.528564453125,35708.75,2898.8935546875,59235.0,4686.44677734375,1828.9390869140625,6368.57666015625,2436.667236328125,1213.0662841796875,1321.568603515625,4466.2119140625,5973.28076171875,65503.61328125,2621.91064453125,1163.8099365234375,6060.330078125,1910.4813232421875,4176.84228515625
2026-03-18,2679.699462890625,4258.56591796875,3538.726318359375,19601.89453125,27974.578125,3354.05859375,5769.486328125,2595.61669921875,2473.81005859375,2109.0,2632.1162109375,9669.6298828125,3273.2001953125,65850.0,1425.810302734375,6541.4326171875,39916.734375,5169.357421875,1309.869384765625,2583.0,1477.9967041015625,3808.074951171875,1421.9466552734375,16489.1640625,394.3816223144531,938.8809204101562,25095.841796875,5176.84912109375,4544.5107421875,8906.2216796875,70280.546875,4841.1240234375,4289.8583984375,2687.859130859375,3008.628173828125,3662.670654296875,2109.258544921875,5776.66015625,2110.542236328125,5831.396484375,3437.76025390625,5925.72265625,1791.13134765625,5657.47705078125,4837.04443359375,946.9839477539062,144.9178009033203,1819.6549072265625,4369.37451171875,6661.9931640625,3198.99462890625,2561.020263671875,4985.798828125,213.2196807861328,6504.98681640625,4057.852783203125,6080.57421875,4177.4140625,5607.29052734375,1571.909423828125,2409.93603515625,2003.0,2823.650634765625,383.3353576660156,4843.01708984375,3471.06494140625,1613.06787109375,594.801025390625,1929.7939453125,6061.421875,3744.773193359375,2963.975830078125,5980.068359375,6597.908203125,2171.227783203125,4264.00927734375,3294.88916015625,3102.5732421875,11017.9345703125,1846.8221435546875,6899.130859375,155.36666870117188,2549.831298828125,35878.08203125,2937.37451171875,60650.0,4803.83154296875,1860.6004638671875,6623.0029296875,2505.890625,1256.8973388671875,1374.0196533203125,4552.7509765625,6079.2392578125,67497.5859375,2646.54345703125,1215.3060302734375,6248.17041015625,1951.9598388671875,4164.908203125
2026-03-19,2635.544677734375,4247.67431640625,3422.991943359375,19195.5859375,27626.759765625,3276.217529296875,5669.23291015625,2527.093505859375,2459.716552734375,2064.5,2581.002197265625,9547.03125,3258.258544921875,63430.0,1370.5008544921875,6319.8583984375,38965.62890625,5056.63916015625,1267.9925537109375,2505.5,1405.971435546875,3712.97216796875,1351.2939453125,16172.4453125,390.35931396484375,891.7943725585938,23947.404296875,5078.35498046875,4384.2333984375,8573.2041015625,69186.765625,4821.23828125,4224.1171875,2556.115966796875,2910.778564453125,3572.637451171875,2002.41064453125,5440.0595703125,2024.6510009765625,5716.03955078125,3304.206787109375,5779.5302734375,1753.4337158203125,5345.48388671875,4653.98876953125,908.5352783203125,142.28648376464844,1784.139892578125,4216.95458984375,6317.98876953125,3125.217041015625,2442.12109375,4834.23046875,211.35708618164062,6250.77783203125,3949.029052734375,5926.87451171875,4125.0732421875,5452.16796875,1549.78369140625,2346.400146484375,1934.0,2715.968994140625,371.9540100097656,4674.24658203125,3330.60009765625,1531.7242431640625,580.7884521484375,1881.1807861328125,6020.2412109375,3553.040771484375,2828.493896484375,5941.65234375,6192.66064453125,2107.3388671875,4201.8037109375,3214.310302734375,2972.640625,10621.6064453125,1807.0897216796875,6861.75341796875,155.95668029785156,2501.444580078125,34951.74609375,2864.359375,59080.0,4657.59814453125,1794.80419921875,6212.15869140625,2394.144287109375,1233.39013671875,1347.058837890625,4381.662109375,5878.21533203125,64352.859375,2627.822509765625,1195.197998046875,6080.1025390625,1895.173828125,4101.26123046875
2026-03-23,2516.3271484375,4187.2763671875,3384.74072265625,18462.248046875,27095.09375,3203.30322265625,5481.50341796875,2433.785400390625,2278.2294921875,2032.0,2486.714599609375,9250.83203125,3179.566162109375,61830.0,1328.8963623046875,6298.89892578125,37945.171875,4947.84130859375,1250.462646484375,2276.0,1349.732666015625,3475.215087890625,1278.1708984375,16048.7275390625,386.43511962890625,851.3922729492188,22699.103515625,4933.56884765625,4232.91552734375,7876.44580078125,64930.94921875,4772.51904296875,4192.71826171875,2403.571044921875,2857.900390625,3519.211181640625,1938.5986328125,5137.119140625,2042.02783203125,5565.48876953125,3232.978515625,5572.09521484375,1680.5186767578125,5221.67724609375,4321.703125,897.2675170898438,140.0449676513672,1735.306640625,4101.39404296875,6020.578125,3088.820068359375,2358.250244140625,4504.17041015625,212.04330444335938,5861.58251953125,3813.734619140625,5757.30859375,4070.7568359375,5115.07421875,1531.5914306640625,2325.7138671875,1891.5,2659.13720703125,359.0028076171875,4502.515625,3220.800048828125,1453.83154296875,572.8511962890625,1830.603515625,5602.5498046875,3502.112060546875,2818.711669921875,5769.2734375,5820.1103515625,2023.1444091796875,4035.921142578125,3190.726318359375,2966.712158203125,10378.85546875,1792.864501953125,6277.4814453125,154.38333129882812,2440.350341796875,31903.802734375,2921.58740234375,56280.0,4275.59912109375,1667.1693115234375,5880.513671875,2310.087158203125,1185.641357421875,1350.0,4153.87548828125,5595.98974609375,59849.05078125,2624.86669921875,1190.2935791015625,5861.6142578125,1858.6331787109375,3906.341796875
2026-03-24,2589.427734375,4250.64453125,3426.9150390625,19175.765625,28059.048828125,3223.010009765625,5566.03076171875,2505.71044921875,2349.439697265625,2047.0,2536.339599609375,8811.4365234375,3219.410400390625,61860.0,1356.7957763671875,6526.46142578125,38767.48046875,4984.107421875,1266.53173828125,2381.0,1406.46484375,3509.887939453125,1330.5428466796875,16202.1376953125,386.3370056152344,888.8452758789062,22314.626953125,5070.4755859375,4300.6103515625,8150.986328125,65020.44140625,4782.4619140625,4275.14013671875,2479.34814453125,2910.778564453125,3550.87109375,2007.85205078125,5302.44921875,2073.802734375,5689.64453125,3307.1748046875,5684.703125,1755.4178466796875,5374.20703125,4485.8564453125,913.5761108398438,139.5576934814453,1780.1937255859375,4140.24658203125,6007.6904296875,3122.26611328125,2411.03955078125,4417.41748046875,213.12164306640625,6165.056640625,3932.3623046875,5817.796875,4058.906005859375,5245.33740234375,1537.9832763671875,2448.353271484375,1921.5,2676.0869140625,367.2444763183594,4603.185546875,3283.118896484375,1508.5535888671875,578.1427001953125,1873.32421875,5569.21337890625,3525.079833984375,2870.556884765625,6754.29541015625,6090.60546875,2018.1917724609375,4246.591796875,3231.015625,2975.11083984375,10512.6162109375,1811.9949951171875,6305.02294921875,153.7933349609375,2502.422119140625,31744.43359375,2969.935302734375,56540.0,4452.67138671875,1720.1031494140625,6040.89111328125,2383.7607421875,1220.16748046875,1380.3922119140625,4270.25537109375,5732.64599609375,62388.64453125,2638.16845703125,1213.34423828125,6089.00048828125,1894.6800537109375,4026.674560546875
2026-03-25,2667.434326171875,4204.1083984375,3452.416015625,19587.029296875,28242.896484375,3289.02685546875,5720.34228515625,2570.831787109375,2524.497802734375,2080.0,2610.28125,8807.513671875,3253.278076171875,62400.0,1419.447265625,6403.697265625,39986.0859375,4981.1669921875,1279.6790771484375,2424.0,1438.53076171875,3625.79443359375,1359.6932373046875,16014.0859375,384.8654479980469,919.1222534179688,23393.158203125,5231.02099609375,4310.5654296875,8386.873046875,67595.8046875,4853.05517578125,4317.33203125,2511.0458984375,2940.92431640625,3596.38232421875,2056.329345703125,5553.90966796875,2079.760498046875,5816.732421875,3315.089111328125,6021.53759765625,1825.852783203125,5502.96630859375,4603.25048828125,928.7974853515625,144.9178009033203,1833.46630859375,4257.79931640625,6239.67041015625,3160.63037109375,2435.70751953125,4534.08544921875,215.86654663085938,6333.54345703125,4131.38232421875,5857.46142578125,4029.279052734375,5507.85302734375,1538.4749755859375,2500.56103515625,1936.5,2673.095703125,376.3691711425781,4744.32080078125,3403.800048828125,1535.668212890625,582.6502075195312,1887.0733642578125,5617.25732421875,3803.69091796875,2915.0654296875,7739.3173828125,6195.63330078125,2069.698974609375,4557.62158203125,3284.079833984375,2993.390380859375,10869.3115234375,1845.841064453125,6425.02490234375,154.875,2526.85986328125,33278.36328125,2934.414306640625,58010.0,4535.23876953125,1734.44970703125,6166.61962890625,2427.272705078125,1251.0205078125,1407.3529052734375,4457.259765625,5856.42919921875,64709.98828125,2665.757080078125,1250.1270751953125,6348.0224609375,1918.8758544921875,4019.71337890625
2026-03-26,2649.7724609375,4179.35498046875,3475.955078125,20325.3203125,27914.953125,3338.29345703125,5689.87353515625,2559.168212890625,2444.13916015625,2100.5,2673.80126953125,8817.3212890625,3205.465087890625,61870.0,1407.7001953125,6386.72998046875,40154.51171875,4954.70263671875,1285.5223388671875,2389.5,1452.09716796875,3688.205810546875,1385.3851318359375,16113.060546875,378.29241943359375,916.6647338867188,22933.783203125,5167.0,4343.41748046875,8375.970703125,67108.5703125,4751.63916015625,4315.36962890625,2554.134765625,2966.1279296875,3608.2548828125,2040.00537109375,5604.39990234375,2079.263916015625,5848.99365234375,3226.053466796875,6000.7939453125,1804.02783203125,5601.02099609375,4563.4560546875,915.9483032226562,145.0152587890625,1816.6953125,4216.95458984375,6236.6962890625,3149.8095703125,2438.667724609375,4498.1875,214.7882080078125,6339.45556640625,4069.617431640625,5859.4443359375,3960.149169921875,5425.31982421875,1527.657958984375,2497.113525390625,1902.5,2686.555908203125,375.3880310058594,4705.82958984375,3419.627197265625,1538.1331787109375,584.0220947265625,1909.6612548828125,5672.1650390625,3816.6728515625,2922.89111328125,7473.361328125,6331.37646484375,2076.632568359375,4663.78662109375,3265.4091796875,2979.063232421875,10988.2099609375,1860.556884765625,6749.62060546875,156.15333557128906,2533.702392578125,34433.79296875,2836.23876953125,57730.0,4504.400390625,1714.661376953125,6152.759765625,2409.966796875,1248.3270263671875,1403.921630859375,4490.0849609375,5783.14990234375,64213.9765625,2670.19091796875,1233.4521484375,6295.625,1921.3447265625,3918.275634765625
2026-03-27,2664.0,4215.0,3482.82080078125,19260.0,27110.0,3358.0,5740.0,2565.0,2344.0,2126.5,2647.5,9038.0,3196.5,61780.0,1417.0,6506.5,38926.0,4940.0,1305.0,2354.5,1477.75,3710.0,1417.5,16127.9072265625,377.9000244140625,926.2000122070312,22040.0,5167.0,4286.67333984375,8464.1806640625,66154.0,4689.0,4356.58056640625,2558.59228515625,2977.0,3632.0,2040.5,5693.5,2116.5,5844.10546875,3231.0,6065.0,1807.5,5707.0,4458.0,934.0359497070312,145.59999084472656,1831.0,4205.0,6087.0,3168.5,2475.176025390625,4564.0,214.20001220703125,6370.0,4125.5,5912.0,3972.0,5305.0,1548.80029296875,2570.5,1915.5,2705.5,375.48614501953125,4718.66015625,3477.0,1547.5,585.0999755859375,1918.5,5781.0,3940.5,2918.0,7398.5,6480.0,2090.5,4583.33349609375,3268.357177734375,3036.865966796875,11295.365234375,1863.5,6907.0,156.35000610351562,2542.5,34832.21875,2891.0,57330.0,4390.0,1683.0,6129.0,2407.0,1252.0,1500.0,4506.0,5672.240234375,62220.0,2683.0,1231.0,6306.5,1909.0,3968.0
2026-03-30,2621.0,4250.0,3461.2431640625,18985.0,27025.0,3224.0,5713.0,2501.5,2250.0,2136.0,2600.0,8899.0,3188.0,61620.0,1406.0,6316.0,38840.0,4929.0,1270.5,2244.5,1463.0,3534.0,1436.5,16261.5224609375,375.6000061035156,905.5,20925.0,5053.0,4109.47216796875,8583.115234375,64250.0,4533.0,4272.1962890625,2438.735595703125,2927.5,3620.0,1995.0,5763.0,2104.0,5920.3583984375,3121.0,5968.0,1739.0,5669.0,4390.0,924.1519775390625,143.1999969482422,1789.5,4082.0,6217.0,3133.0,2468.26904296875,4418.0,212.89999389648438,6000.0,4021.0,5991.0,3821.0,5042.0,1551.75048828125,2558.5,1905.5,2637.5,36.93048858642578,4597.0,3492.0,1506.5,574.7000122070312,1891.0,5721.0,3692.0,2864.5,7268.0,6289.0,2000.0,4505.0,3215.29296875,2979.557373046875,11141.787109375,1811.5,6763.0,156.3000030517578,2473.0,35160.91796875,2816.5,55370.0,4274.0,1651.0,5973.0,2392.5,1232.5,1490.0,4447.0,5486.0,61050.0,2709.0,1203.0,6135.0,1865.0,3789.0
2026-03-31,2600.0,4332.0,3452.416015625,18685.0,26550.0,3162.0,5664.0,2517.5,2095.0,2123.5,2585.5,8775.0,3209.0,61630.0,1421.0,6526.0,37230.0,4918.0,1257.5,2151.5,1445.0,3409.0,1410.5,16261.5224609375,382.70001220703125,899.0,20330.0,5006.0,4137.34619140625,8534.55078125,61240.0,4464.0,4275.14013671875,2433.782958984375,2966.5,3625.0,1974.5,5618.0,2108.0,5885.16455078125,3172.0,6012.0,1722.5,5317.0,4392.0,919.7041625976562,143.1999969482422,1789.0,4084.0,6259.0,3128.0,2491.45703125,4223.0,211.10000610351562,6013.0,4032.0,6036.0,3867.0,4988.0,1558.634033203125,2519.0,1884.5,2700.0,36.43991470336914,4607.0,3469.0,1509.0,575.9000244140625,1947.5,5768.0,3555.0,2804.0,7308.0,5959.0,1966.0,4090.0,3210.379638671875,3052.18115234375,10908.9443359375,1806.5,6496.0,157.1999969482422,2483.5,33218.6015625,2766.0,54860.0,4321.0,1655.5,5950.0,2378.0,1225.5,1488.5,4397.0,5302.0,59870.0,2723.5,1204.0,6087.0,1875.5,3846.0
2026-04-01,2808.0,4635.0,3512.24462890625,19695.0,27600.0,3311.0,5888.0,2709.5,2317.25,2195.0,2774.0,9005.0,3372.0,63670.0,1499.0,7145.0,39280.0,5002.0,1286.0,2323.5,1545.5,3671.0,1497.0,16583.189453125,395.5,946.0999755859375,22500.0,5455.0,4360.3408203125,8920.0966796875,63680.0,4732.0,4377.18603515625,2599.7001953125,3078.0,3684.0,2070.0,5993.0,2169.5,5939.91064453125,3299.0,6262.0,1869.5,5490.0,4586.0,931.0707397460938,146.8000030517578,1875.5,4192.0,6505.0,3169.0,2567.927490234375,4590.0,213.0,6492.0,4203.0,6055.0,3972.0,5337.0,1583.2181396484375,2657.5,1947.5,2738.0,381.8636169433594,4760.0,3627.0,1590.5,592.0,1954.0,5984.0,3764.0,2910.5,7490.0,6325.0,2073.0,4446.0,3308.646484375,3098.62109375,11394.447265625,1876.5,6498.0,155.89999389648438,2553.0,35210.72265625,2887.0,57990.0,4480.0,1713.0,6346.0,2487.5,1294.0,1565.0,4622.0,5697.0,63720.0,2633.0,1285.0,6609.0,1897.5,4025.0
2026-04-02,2760.0,4416.0,3529.899169921875,19545.0,27320.0,3262.0,5890.0,2608.0,2276.0,2180.0,2743.0,8762.0,3329.0,63010.0,1469.5,6922.0,38020.0,5009.0,1273.0,2286.5,1500.25,3478.0,1439.0,16647.5234375,391.20001220703125,907.7999877929688,21125.0,5388.0,4315.54296875,9116.3388671875,63570.0,4675.0,4367.3740234375,2487.767822265625,3094.0,3675.0,2038.5,5890.0,2165.0,5870.5009765625,3260.0,6059.0,1811.5,5397.0,4530.0,943.22802734375,146.6999969482422,1833.0,4190.0,6412.0,3190.0,2581.741455078125,4711.0,215.39999389648438,6341.0,4097.0,6083.0,3932.0,5157.0,1592.068359375,2600.5,1927.5,2735.0,375.7804870605469,4677.0,3544.0,1544.5,584.0,1930.0,6162.0,3604.0,2918.5,7262.0,6212.0,1945.5,4293.0,3261.478515625,3054.157470703125,11216.099609375,1867.0,6603.0,157.0,2510.5,34882.0234375,2888.5,56880.0,4448.0,1688.0,6061.0,2425.0,1276.0,1534.0,4659.0,5476.0,61030.0,2711.0,1254.0,6424.0,1860.5,4023.0
2026-04-03,2761.5,4451.0,3491.64794921875,19765.0,27575.0,3255.0,5802.0,2628.5,2350.0,2180.0,2715.0,8736.0,3324.0,64300.0,1472.5,6942.0,38420.0,5007.0,1269.0,2271.5,1508.75,3789.0,1463.0,16850.421875,393.20001220703125,921.0,21555.0,5373.0,4286.67333984375,8701.05859375,65650.0,4811.0,4403.6787109375,2496.1875,3112.0,3640.0,2042.0,5988.0,2182.0,5968.2607421875,3273.0,6017.0,1823.0,5475.0,4550.0,949.6526489257812,147.8000030517578,1827.0,4142.0,6450.0,3192.0,2506.257568359375,4803.0,218.8000030517578,6493.0,4136.0,6123.0,3977.0,5306.0,1612.7191162109375,2587.0,1941.0,2732.5,379.3126220703125,4704.0,3562.0,1560.0,585.0,1923.0,6164.0,3609.0,2943.0,7243.0,6381.0,2011.5,4616.0,3279.16650390625,3033.40771484375,11117.0166015625,1886.5,6766.0,157.8000030517578,2538.5,35718.7109375,2863.5,57730.0,4454.0,1692.5,6081.0,2478.5,1280.75,1550.0,4612.0,5517.0,61990.0,2745.0,1261.0,6468.0,1832.5,4046.0
2026-04-06,2792.0,4470.0,3495.571044921875,19485.0,27960.0,3247.0,5754.0,2648.5,2385.5,2194.5,2780.5,8849.0,3292.0,65130.0,1450.5,6940.0,38370.0,4978.0,1262.0,2289.5,1490.75,3807.0,1460.0,17053.318359375,391.70001220703125,917.5,21930.0,5379.0,4199.068359375,8786.2958984375,66980.0,4719.0,4400.73486328125,2485.786865234375,3137.0,3576.0,2019.5,5890.0,2185.5,5961.41796875,3255.0,6018.0,1849.5,5405.0,4553.0,954.989990234375,144.1999969482422,1849.5,4080.0,6523.0,3161.0,2585.19482421875,4735.0,217.10000610351562,6372.0,4128.0,6136.0,3973.0,5300.0,1602.8853759765625,2607.5,1933.0,2679.5,379.50885009765625,4681.0,3580.0,1538.5,586.7000122070312,1907.5,6288.0,3648.0,2927.5,7308.0,6364.0,2020.5,4600.0,3249.686279296875,2991.908203125,11077.3837890625,1900.0,6851.0,157.10000610351562,2523.0,37312.40625,2858.0,58330.0,4448.0,1650.0,6005.0,2498.0,1281.75,1559.5,4657.0,5492.0,62120.0,2763.5,1263.5,6475.0,1803.0,4011.0
2026-04-07,2811.0,4475.0,3509.30224609375,19715.0,28005.0,3252.0,5798.0,2665.5,2297.75,2231.0,2835.5,8844.0,3311.0,65090.0,1474.0,6977.0,38440.0,4971.0,1252.0,2312.5,1511.25,3786.0,1471.5,17003.83203125,401.20001220703125,920.0,22200.0,5418.0,4171.19384765625,8661.4140625,62860.0,4764.0,4420.359375,2481.329345703125,3150.0,3574.0,2044.5,5919.0,2225.0,5949.6865234375,3345.0,6071.0,1864.0,5425.0,4672.0,952.4201049804688,143.39999389648438,1858.0,4049.0,6574.0,3167.0,2597.52880859375,4784.0,214.6999969482422,6407.0,4089.0,6136.0,4028.0,5386.0,1599.935302734375,2612.0,1917.0,2645.5,380.489990234375,4731.0,3618.0,1545.0,586.0,1908.0,6309.0,3565.0,2900.5,7277.0,6378.0,2076.5,4370.0,3290.95849609375,3003.765380859375,11092.24609375,1905.0,6870.0,155.39999389648438,2522.0,36425.9140625,2873.0,58290.0,4460.0,1672.0,6027.0,2502.5,1290.5,1563.0,4598.0,5504.0,62130.0,2702.5,1275.5,6539.0,1744.0,4074.0
2026-04-08,2885.0,4525.0,3556.380615234375,20365.0,28755.0,3384.0,5789.0,2800.0,2578.75,2198.5,2955.5,8707.0,3388.0,67760.0,1533.5,7333.0,42410.0,5050.0,1283.5,2611.0,1563.25,4000.0,1464.0,17078.0625,410.20001220703125,1004.5,25220.0,5621.0,4412.107421875,8804.1357421875,67450.0,4915.0,4425.265625,2633.37890625,3206.0,3608.0,2097.5,6119.0,2209.0,5944.79833984375,3469.0,6180.0,1922.5,5436.0,4955.0,961.7111206054688,146.89999389648438,1905.0,4179.0,6470.0,3191.0,2612.822998046875,4850.0,216.0,6776.0,4158.0,6135.0,4055.0,5619.0,1606.3272705078125,2624.0,1960.5,2674.0,392.85247802734375,4897.0,3606.0,1650.0,600.0,1960.5,6055.0,3822.0,2984.0,7370.0,6361.0,2200.0,4876.0,3406.913330078125,3067.00244140625,10948.5771484375,1948.0,6593.0,155.3000030517578,2593.5,39782.63671875,2832.5,60520.0,4772.0,1770.0,6474.0,2604.5,1340.0,1602.0,4776.0,5924.0,66810.0,2711.0,1334.5,6946.0,1853.0,4188.0
2026-04-09,2842.5,4511.0,3565.2080078125,20280.0,28985.0,3331.0,5821.0,2723.5,2602.5,2096.5,2925.0,8531.0,3375.0,67450.0,1496.5,7179.0,42190.0,4988.0,1276.0,2595.0,1557.75,3990.0,1443.5,16870.216796875,410.20001220703125,982.5,24800.0,5552.0,4388.21533203125,8697.0947265625,64600.0,4843.0,4341.8623046875,2647.741943359375,3115.0,3579.0,2077.0,6088.0,2171.0,5898.85107421875,3396.0,5994.0,1890.0,5413.0,4919.0,957.2633056640625,144.3000030517578,1871.0,4220.0,6506.0,3157.0,2619.72998046875,4781.0,215.60000610351562,6808.0,4115.0,6137.0,3939.0,5639.0,1596.9852294921875,2600.0,1800.0,2612.5,389.2222595214844,4842.0,3478.0,1637.5,603.4000244140625,1951.5,6163.0,3775.0,2890.0,7250.0,6380.0,2220.0,5028.0,3377.433349609375,3037.360107421875,10829.6787109375,1921.0,6631.0,154.60000610351562,2540.0,38547.5234375,2806.5,61590.0,4620.0,1720.0,6605.0,2573.0,1325.0,1588.5,4713.0,5895.0,68370.0,2708.5,1314.0,6730.0,1842.0,4048.0
2026-04-10,2842.0,4418.0,3578.939208984375,20635.0,29490.0,3319.0,5732.0,2710.5,2645.0,2027.0,2861.0,8300.0,3325.0,75540.0,1482.0,7117.0,44040.0,4992.0,1269.5,2656.5,1521.0,4146.0,1425.5,16449.57421875,403.6000061035156,984.0999755859375,24990.0,5536.0,4546.501953125,8597.982421875,66890.0,4810.0,4287.8955078125,2672.505615234375,3116.0,3559.0,2026.0,5950.0,2139.0,5839.21728515625,3324.0,5976.0,1888.5,5307.0,4806.0,941.5477294921875,145.1999969482422,1856.0,4196.0,6556.0,3125.0,2600.489013671875,4745.0,211.1999969482422,6809.0,4077.0,6053.0,3854.0,5813.0,1573.8760986328125,2607.0,1763.0,2607.5,389.0260009765625,4879.0,3371.0,1635.5,600.2000122070312,1933.0,6163.0,3778.0,2896.5,7095.0,6292.0,2310.0,5630.0,3380.38134765625,3013.64599609375,10552.2490234375,1948.5,6473.0,153.10000610351562,2544.5,41416.17578125,2772.5,62440.0,4584.0,1730.0,6610.0,2577.0,1334.0,1568.5,4652.0,6249.0,70500.0,2582.0,1305.0,6786.0,1826.0,3860.0
2026-04-13,2860.0,4492.0,3519.1103515625,20235.0,29170.0,3319.0,5636.0,2726.5,2481.5,2000.0,2879.5,8297.0,3251.0,75050.0,1474.5,6996.0,42460.0,4923.0,1254.0,2531.0,1508.75,4170.0,1427.5,16385.240234375,403.79998779296875,976.7999877929688,24880.0,5577.0,4466.86083984375,8508.78125,67370.0,4848.0,4291.82080078125,2651.208740234375,3118.0,3602.0,2003.5,5932.0,2134.0,5819.66552734375,3339.0,5915.0,1881.5,5275.0,4727.0,939.2744750976562,143.0,1857.0,4220.0,6662.0,3142.0,2582.23486328125,4761.0,219.5,6968.0,4064.0,6050.0,3798.0,5814.0,1588.6265869140625,2560.5,1724.0,2601.0,387.3580322265625,4835.0,3375.0,1611.0,595.7999877929688,1917.0,6104.0,3764.0,2854.0,7000.0,6233.0,2266.0,5698.0,3323.386474609375,2998.824951171875,10388.763671875,1900.0,6387.0,152.60000610351562,2506.0,41067.5546875,2731.5,63520.0,4593.0,1727.5,6386.0,2575.5,1336.25,1535.0,4607.0,6182.0,71780.0,2620.0,1300.5,6735.0,1817.0,3882.0
2026-04-14,2850.0,4650.0,3401.414306640625,20490.0,29400.0,3326.0,5604.0,2724.5,2518.75,1968.5,2917.5,8199.0,3280.0,74590.0,1483.5,7030.0,43700.0,4899.0,1269.0,2732.5,1517.25,4329.0,1430.0,16355.5478515625,410.0,968.0999755859375,27000.0,5539.0,4549.48828125,8444.3583984375,71630.0,4957.0,4263.365234375,2723.023681640625,3109.0,3514.0,1985.0,6018.0,2155.5,5762.96435546875,3481.0,5902.0,1866.0,5193.0,4836.0,940.4605712890625,144.3000030517578,1845.0,4193.0,6695.0,3034.0,2566.447265625,4749.0,217.8000030517578,7029.0,4046.0,6043.0,3861.0,5859.0,1595.51025390625,2521.0,1721.5,2548.0,390.6939697265625,4982.0,3327.0,1573.5,595.0,1926.5,6117.0,4242.0,2856.5,6915.0,6136.0,2273.0,5935.0,3345.988037109375,2964.241943359375,10349.1298828125,1915.5,6408.0,152.10000610351562,2539.0,42631.3671875,2734.0,62850.0,4682.0,1787.0,6386.0,2582.5,1347.0,1585.0,4617.0,6231.0,71290.0,2607.0,1318.0,6790.0,1849.0,4083.0
2026-04-15,2913.5,4878.0,3447.511962890625,20250.0,30030.0,3381.0,5654.0,2772.5,2387.75,1999.0,2925.0,8189.0,3340.0,74310.0,1481.0,7163.0,43500.0,4917.0,1285.0,2671.5,1515.5,4520.0,1413.5,16434.728515625,435.20001220703125,996.2000122070312,27585.0,5650.0,4547.4970703125,8580.142578125,70580.0,5220.0,4347.74951171875,2725.0048828125,3144.0,3582.0,1994.5,5909.0,2187.0,5764.919921875,3629.0,5900.0,1930.5,4989.0,4813.0,963.8855590820312,144.39999389648438,1867.5,4325.0,6809.0,3065.0,2575.32763671875,4561.0,220.8000030517578,7203.0,4046.0,6037.0,3912.0,5811.0,1618.6192626953125,2605.5,1744.5,2636.5,392.0675964355469,5033.0,3299.0,1540.5,598.0,1915.0,6044.0,4444.0,2874.5,6836.0,5902.0,2246.5,5683.0,3357.780029296875,3005.247314453125,10448.212890625,1918.0,6362.0,154.0,2506.0,41207.00390625,2832.0,62750.0,4647.0,1778.5,6255.0,2605.0,1359.5,1614.5,4667.0,6168.0,71960.0,2634.0,1363.0,6955.0,1877.5,4269.0
2026-04-16,2946.5,4874.0,3430.83837890625,22090.0,30000.0,3392.0,5646.0,2798.5,2535.0,2033.5,2996.0,8324.0,3407.0,74840.0,1503.0,7275.0,45820.0,4919.0,1301.5,2765.5,1523.5,4792.0,1406.5,16850.421875,428.6000061035156,997.7000122070312,28625.0,5690.0,4735.64892578125,8514.728515625,73030.0,5220.0,4404.66015625,2582.86083984375,3183.0,3525.0,2011.5,6040.0,2188.0,5716.03955078125,3679.0,5974.0,1914.0,5086.0,4745.0,955.8795166015625,147.39999389648438,1887.0,4251.0,6910.0,3044.0,2569.90087890625,4571.0,222.3000030517578,6812.0,4121.0,6046.0,3918.0,5975.0,1631.8946533203125,2585.0,1762.5,2640.5,396.777099609375,5069.0,3276.0,1612.0,598.0,1917.5,6053.0,4672.0,2858.5,6972.0,5967.0,2540.0,5951.0,3351.884033203125,3018.092529296875,10606.744140625,1926.0,6380.0,153.0,2548.0,41854.44140625,2889.0,63030.0,4679.0,1759.0,6332.0,2700.0,1366.5,1585.5,4690.0,6333.0,71940.0,2627.0,1387.5,6872.0,1921.0,4328.0
2026-04-17,2870.0,4886.0,3414.164794921875,21315.0,28995.0,3343.0,5586.0,2731.5,2494.0,2054.5,2897.0,8615.0,3395.0,74050.0,1459.5,7524.0,44010.0,4852.0,1300.5,2795.0,1503.75,4600.0,1375.0,16840.5234375,427.8999938964844,988.9000244140625,27870.0,5598.0,4574.3759765625,8274.876953125,72900.0,5157.0,4400.73486328125,2546.70556640625,3166.0,3478.0,1970.0,5853.0,2175.0,5670.09228515625,3770.0,5898.0,1966.0,4952.0,4653.0,965.6646728515625,149.6999969482422,1872.5,4195.0,6907.0,3029.0,2558.060302734375,4371.0,224.3000030517578,6700.0,4055.0,6061.0,3935.0,5799.0,1624.51953125,2553.5,1704.0,2635.0,391.5769958496094,5010.0,3220.0,1602.0,595.0,1926.0,6096.0,4527.0,2821.0,6933.0,5800.0,2616.0,5762.0,3311.594482421875,2968.1943359375,10433.3505859375,1900.0,6307.0,154.0,2537.5,39792.59765625,2939.0,62810.0,4495.0,1731.0,6241.0,2688.0,1344.0,1583.5,4574.0,6228.0,70100.0,2590.5,1334.0,6768.0,1895.0,4328.0
2026-04-20,2870.5,4965.0,3451.43505859375,22240.0,29645.0,3390.0,5575.0,2710.0,2494.0,2021.0,2982.5,8507.0,3384.0,74650.0,1459.0,7625.0,44250.0,4912.0,1341.0,2972.5,1500.0,4738.0,1337.5,16929.6015625,429.0,962.0999755859375,27100.0,5575.0,4588.31298828125,8765.482421875,72950.0,5153.0,4405.64111328125,2590.289794921875,3180.0,3517.0,1975.5,5885.0,2205.5,5660.31640625,3753.0,5876.0,1953.5,4910.0,4688.0,965.961181640625,146.89999389648438,1866.5,4253.0,6773.0,3060.0,2539.312744140625,4506.0,223.0,7000.0,4026.0,6010.0,3932.0,6088.0,1615.669189453125,2570.0,1715.5,2643.5,393.0487365722656,5040.0,3213.0,1559.0,599.7999877929688,1962.5,5908.0,4774.0,2882.0,7175.0,5836.0,2542.0,5529.0,3360.72802734375,2991.414306640625,10586.927734375,1882.5,6106.0,153.5,2569.0,41954.046875,3000.0,64030.0,4553.0,1753.0,6284.0,2754.0,1326.75,1578.5,4607.0,6503.0,71470.0,2626.5,1341.0,6775.0,1894.0,4327.0
2026-04-21,2830.5,4988.0,3417.107177734375,21630.0,28970.0,3280.0,5488.0,2600.0,2575.0,2005.0,3019.0,8429.0,3346.0,73750.0,1444.5,7853.0,45780.0,4907.0,1342.0,3079.0,1497.5,4810.0,1325.5,16969.19140625,431.79998779296875,969.2999877929688,27200.0,5471.0,4517.6318359375,8616.8134765625,74240.0,5189.0,4399.75390625,2616.044189453125,3103.0,3544.0,1963.5,6001.0,2144.5,5628.0556640625,3883.0,5888.0,1913.5,4844.0,4721.0,960.7227172851562,145.6999969482422,1821.0,4213.0,6733.0,3044.0,2544.739501953125,4522.0,222.0,6991.0,4014.0,5910.0,3914.0,6028.0,1597.9686279296875,2525.0,1683.0,2613.0,391.9694519042969,4947.0,3128.0,1558.5,593.2000122070312,1944.0,5872.0,5181.0,2852.5,7159.0,5780.0,2576.0,5889.0,3369.572021484375,2969.182373046875,10482.8916015625,1888.0,6088.0,152.3000030517578,2570.5,44344.59375,2915.0,63170.0,4577.0,1749.0,6315.0,2738.5,1298.75,1565.5,4721.0,6478.0,71630.0,2633.5,1334.5,6647.0,1868.5,4431.0
2026-04-22,2794.0,5155.0,3395.529541015625,21235.0,28675.0,3191.0,5318.0,2555.0,2675.0,1982.5,2985.0,8413.0,3343.0,71710.0,1437.0,7953.0,45500.0,4838.0,1322.5,3093.0,1455.25,4911.0,1319.0,16682.1640625,428.3999938964844,941.4000244140625,27900.0,5442.0,4549.48828125,8682.2275390625,74830.0,5034.0,4367.3740234375,2556.611083984375,3061.0,3522.0,1937.5,5908.0,2112.5,5544.95947265625,3878.0,5820.0,1855.5,4746.0,4615.0,966.653076171875,146.1999969482422,1799.5,4149.0,6642.0,2994.5,2484.5498046875,4508.0,219.3000030517578,6863.0,3996.0,5804.0,3907.0,5935.0,1555.1922607421875,2500.5,1665.5,2587.5,389.41845703125,4897.0,3086.0,1533.5,587.5999755859375,1925.5,5828.0,5620.0,2822.0,7218.0,5614.0,2700.5,5985.0,3322.40380859375,2969.182373046875,10676.1015625,1859.5,6089.0,151.5,2500.5,44623.48828125,2843.5,63800.0,4435.0,1719.0,6177.0,2776.5,1289.25,1559.0,4658.0,6511.0,70740.0,2613.0,1331.5,6613.0,1825.0,4524.0
2026-04-23,2752.0,5075.0,3363.1630859375,21090.0,28495.0,3123.0,5331.0,2537.0,2551.25,1948.0,2904.5,8220.0,3263.0,69290.0,1415.5,7561.0,45480.0,4840.0,1312.0,3300.0,1438.5,4813.0,1298.0,15811.1884765625,418.3999938964844,916.7000122070312,27900.0,5350.0,4457.9013671875,8846.75390625,72000.0,5203.0,4286.91455078125,2513.02685546875,2985.5,3501.0,1930.5,5929.0,2054.0,5734.6142578125,3773.0,5833.0,1810.0,4792.0,4678.0,940.4605712890625,135.5,1774.0,4039.0,6664.0,2995.5,2450.50830078125,4754.0,219.0,6970.0,3974.0,5740.0,3770.0,5881.0,1541.916748046875,2476.5,1584.5,2482.0,386.1806945800781,4850.0,3094.0,1526.5,580.0999755859375,1893.5,5807.0,5837.0,2714.0,7072.0,5719.0,2662.0,5893.0,3255.582275390625,2962.265869140625,10770.2294921875,1851.0,5999.0,151.39999389648438,2501.0,43229.00390625,2790.0,63470.0,4520.0,1734.0,6154.0,2697.5,1283.5,1537.0,4590.0,6340.0,69530.0,2600.5,1332.5,6482.0,1805.5,4292.0
2026-04-24,2755.5,5092.0,3322.9501953125,21565.0,28590.0,3067.0,5335.0,2510.0,2503.75,1913.0,2879.0,7953.0,3208.0,70090.0,1410.5,7308.0,45850.0,4783.0,1296.5,3141.0,1445.25,4936.0,1299.5,16449.57421875,415.8999938964844,911.4000244140625,29440.0,5347.0,4394.1884765625,8766.47265625,71700.0,5229.0,3948.396484375,2534.819091796875,2896.0,3461.0,1940.0,5936.0,2056.0,5698.44287109375,3696.0,5837.0,1820.5,4950.0,4682.0,940.9547119140625,132.5,1779.5,4110.0,6768.0,2965.5,2473.20263671875,4738.0,220.1999969482422,6907.0,3946.0,5670.0,3744.0,5999.0,1532.0831298828125,2468.0,1539.5,2400.0,386.27880859375,4846.0,3110.0,1527.0,573.0999755859375,1868.0,5874.0,5963.0,2697.0,7176.0,5784.0,2689.5,6037.0,3228.067626953125,2915.33203125,10710.7802734375,1835.5,6122.0,151.5,2447.5,44882.46484375,2499.0,63180.0,4471.0,1704.0,6124.0,2710.0,1280.0,1528.5,4758.0,6256.0,70470.0,2565.0,1312.0,6427.0,1776.5,4513.0
2026-04-27,2788.0,4409.0,3324.911865234375,21475.0,28940.0,3067.0,5218.0,2539.5,2515.0,1878.5,3103.0,7893.0,3188.0,71870.0,1398.5,7302.0,47100.0,4768.0,1292.5,3124.0,1423.25,4916.0,1284.0,16108.1123046875,410.1000061035156,909.7999877929688,31500.0,5404.0,4457.9013671875,7378.90234375,76030.0,5356.0,3929.75341796875,2467.95703125,2879.5,3427.0,1926.0,5910.0,2025.0,5651.51806640625,3825.0,5695.0,1838.0,4810.0,4676.0,927.710205078125,132.5,1757.5,4052.0,6949.0,2945.0,2453.46826171875,4689.0,218.0,7053.0,3931.0,5674.0,3682.0,6048.0,1506.515625,2385.5,1547.0,2387.5,388.43731689453125,4871.0,3075.0,1519.5,569.0,1883.5,5580.0,5844.0,2667.0,7164.0,5690.0,2718.0,6347.0,3243.790283203125,2941.022216796875,10547.294921875,1842.5,5773.0,151.1999969482422,2440.0,45589.66796875,2602.5,73180.0,4423.0,1701.0,6205.0,2658.0,1276.75,1555.5,4786.0,7256.0,75480.0,2518.0,1230.5,6598.0,1776.0,4625.0
2026-04-28,2875.0,4313.0,3388.663818359375,21865.0,29305.0,3112.0,5289.0,2696.5,2547.5,1920.0,3061.0,7922.0,3234.0,73170.0,1444.0,7464.0,45150.0,4876.0,1293.5,2913.0,1450.25,4840.0,1300.5,16360.4970703125,417.29998779296875,918.2999877929688,29750.0,5648.0,4533.56005859375,7869.5078125,76440.0,5047.0,4047.498779296875,2572.955322265625,2932.5,3451.0,1958.5,6084.0,2055.5,5649.5625,3693.0,5771.0,2006.0,4913.0,4773.0,930.280029296875,138.1999969482422,1823.0,4069.0,7081.0,2963.5,2461.85546875,4797.0,219.3000030517578,6856.0,4019.0,5758.0,3721.0,6078.0,1534.0498046875,2306.0,1568.5,2434.5,392.46002197265625,5350.0,3180.0,1542.0,577.7999877929688,1846.5,5662.0,5268.0,2629.0,7238.0,5820.0,2677.0,6281.0,3264.426513671875,2962.760009765625,11077.3837890625,1952.0,5965.0,151.10000610351562,2438.5,44155.33984375,2650.5,73800.0,4496.0,1711.0,6379.0,2689.0,1329.0,1564.0,4767.0,6961.0,77000.0,2579.5,1274.0,6936.0,1800.0,4444.0
2026-04-30,2817.0,4142.0,3344.52783203125,21965.0,29100.0,3023.0,5270.0,2689.0,2547.5,1871.0,3203.0,7687.0,3113.0,73590.0,1440.0,7303.0,44390.0,4788.0,1266.5,3212.0,1460.0,5156.0,1320.5,16246.67578125,412.29998779296875,911.7000122070312,28260.0,5512.0,4412.107421875,8043.9453125,74010.0,4882.0,3931.7158203125,2528.875732421875,2890.0,3388.0,1938.0,6072.0,1997.0,5733.63623046875,3180.0,5797.0,1938.5,4990.0,4843.0,901.5176391601562,139.89999389648438,1823.0,3744.0,7246.0,2831.5,2446.561279296875,4615.0,221.89999389648438,6557.0,4034.0,5740.0,3623.0,6231.0,1522.24951171875,2232.0,1510.0,2188.5,386.6712646484375,5275.0,3170.0,1535.0,572.2999877929688,1882.5,5669.0,5219.0,2601.5,7202.0,5896.0,2890.5,5971.0,3208.414306640625,2882.2314453125,11295.365234375,1863.5,5935.0,152.5,2349.5,42521.80078125,2588.5,71300.0,4434.0,1704.5,6101.0,2710.5,1294.5,1546.5,5090.0,6875.0,76080.0,2582.5,1256.5,6722.0,1748.5,4101.0
2026-05-01,2798.0,4183.0,3351.3935546875,22855.0,27830.0,3000.0,5239.0,2656.0,2475.0,1918.5,3324.0,7597.0,3127.0,72890.0,1423.0,7361.0,47450.0,4763.0,1262.5,3205.0,1710.0,5138.0,1325.5,16474.318359375,419.70001220703125,898.0,27815.0,5541.0,4321.51611328125,8171.7998046875,72250.0,4795.0,3941.528076171875,2564.040283203125,2875.5,3700.0,1987.0,5755.0,1989.0,5754.166015625,3075.0,5705.0,1927.0,5219.0,4735.0,905.3724365234375,141.5,1811.5,3611.0,7104.0,2857.0,2464.815673828125,4586.0,220.60000610351562,6514.0,3996.0,5730.0,3608.0,6071.0,1524.2161865234375,2207.0,1551.5,2223.0,387.1618347167969,5209.0,3128.0,1524.5,571.9000244140625,1895.5,5629.0,5424.0,2709.5,7093.0,5765.0,2775.5,5808.0,3175.00341796875,2896.064453125,11117.0166015625,1862.0,5917.0,152.0,2369.5,42760.85546875,2616.5,76460.0,4383.0,1693.0,6868.0,2746.5,1332.0,1571.0,4882.0,6820.0,75230.0,2548.0,1220.0,6704.0,1753.0,4035.0
2026-05-07,2863.0,4249.0,3365.124755859375,24800.0,27510.0,2978.0,5310.0,2817.0,2836.25,1893.0,3349.0,7404.0,3130.0,75760.0,1464.0,7475.0,51720.0,4811.0,1259.5,3623.0,1850.0,5648.0,1311.0,16741.548828125,439.70001220703125,933.5999755859375,29715.0,5689.0,4607.22802734375,8023.1318359375,76590.0,4850.0,3967.03955078125,2674.48681640625,2934.0,3610.0,2009.0,5495.0,1957.0,5804.02392578125,3240.0,5857.0,2010.0,5398.0,4790.0,924.1519775390625,140.8000030517578,1861.0,3681.0,7711.0,2886.5,2512.67138671875,4527.0,221.3000030517578,6575.0,4003.0,5628.0,3615.0,6448.0,1518.3160400390625,2302.0,1547.0,2218.0,399.5243225097656,5252.0,3151.0,1545.5,582.7000122070312,1914.5,5660.0,6424.0,2848.5,7210.0,5578.0,2896.0,6498.0,3248.70361328125,2959.795654296875,11156.6494140625,1866.5,5870.0,150.8000030517578,2343.0,44743.015625,2600.0,79350.0,4386.0,1699.0,6840.0,2851.0,1392.75,1534.5,4958.0,7095.0,78840.0,2525.0,1250.5,6926.0,1785.0,4028.0
2026-05-08,2806.5,4351.0,3341.58544921875,24550.0,27470.0,2913.0,5213.0,2724.5,2826.25,1898.5,3318.0,7667.0,3114.0,75000.0,1438.5,7822.0,52450.0,4773.0,1269.0,3530.0,1795.0,5850.0,1289.5,17117.65234375,440.0,922.4000244140625,29885.0,5546.0,4619.173828125,7829.86279296875,75000.0,4938.0,3986.663818359375,2787.409423828125,3023.0,3645.0,2010.0,5418.0,1972.5,5639.78662109375,3382.0,5762.0,1940.0,5249.0,4756.0,934.0359497070312,140.1999969482422,1855.5,3579.0,7480.0,2782.5,2463.33544921875,4510.0,220.39999389648438,6566.0,3978.0,5647.0,3637.0,6460.0,1503.5655517578125,2300.0,1531.0,2241.5,398.2488098144531,5277.0,3177.0,1536.5,570.9000244140625,1919.0,5571.0,6131.0,2838.0,7030.0,5560.0,2923.5,6582.0,3227.0849609375,2938.057861328125,10923.806640625,1861.5,5774.0,150.1999969482422,2358.0,43597.546875,2596.0,84170.0,4378.0,1656.5,6743.0,2814.5,1351.5,1571.5,5030.0,7515.0,82860.0,2528.5,1228.5,6771.0,1808.0,4200.0
2026-05-11,2856.5,4301.0,3364.143798828125,24290.0,27235.0,2870.0,5162.0,2796.5,2802.5,1901.0,3334.0,7020.0,3372.0,75050.0,1466.5,7700.0,52080.0,4770.0,1251.0,3500.0,1801.5,5960.0,1305.0,16345.650390625,448.79998779296875,927.2999877929688,28780.0,5661.0,4747.59521484375,7882.392578125,73380.0,4887.0,4015.118896484375,2812.17333984375,3055.0,3639.0,1983.0,5418.0,1957.0,6025.939453125,3341.0,5821.0,1998.0,5252.0,4816.0,904.5817260742188,139.6999969482422,1865.0,3580.0,7574.0,2786.5,2441.134521484375,4384.0,221.8000030517578,6615.0,4024.0,5622.0,3653.0,6447.0,1494.7152099609375,2325.0,1532.0,2202.5,399.42620849609375,5514.0,3207.0,1532.5,561.0999755859375,1879.0,5471.0,5743.0,2828.5,7150.0,5649.0,2936.0,6832.0,3240.84228515625,2900.5107421875,10889.1279296875,1847.5,5802.0,148.39999389648438,2319.5,43936.20703125,2649.0,82300.0,4489.0,1670.5,6991.0,2858.0,1377.0,1551.0,5499.0,7564.0,82320.0,2519.5,1228.5,6890.0,1783.5,4101.0
2026-05-12,2886.0,4228.0,3392.587158203125,24110.0,27285.0,2843.0,5168.0,2841.5,2912.5,1879.0,3405.0,7179.0,3484.0,72220.0,1479.0,7573.0,52160.0,4783.0,1255.5,3750.0,1857.0,6078.0,1371.0,16518.85546875,410.1000061035156,928.2999877929688,28705.0,5789.0,4874.02490234375,7724.80419921875,72800.0,4868.0,4033.761962890625,2842.88037109375,3300.0,3693.0,2046.0,5520.0,1921.5,5922.3134765625,3307.0,5893.0,2054.0,5500.0,4886.0,918.122802734375,139.1999969482422,1911.0,3582.0,7520.0,2714.0,2442.12109375,4300.0,219.3000030517578,6645.0,4285.0,5589.0,3649.0,6373.0,1493.73193359375,2328.0,1500.0,2182.5,402.56585693359375,5986.0,3171.0,1654.5,559.4000244140625,1878.0,5301.0,5987.0,2789.5,7140.0,5868.0,2961.0,7624.0,3217.25830078125,2869.88037109375,10889.1279296875,1829.0,5846.0,149.39999389648438,2288.0,43318.6484375,2738.0,79260.0,4515.0,1674.5,7130.0,2847.5,1403.25,1540.5,5439.0,7750.0,84560.0,2529.5,1235.0,6970.0,1781.0,4130.0
2026-05-13,2926.5,4340.0,3432.7998046875,25780.0,27680.0,2939.5,5192.0,2849.0,3193.75,1873.5,3275.0,7141.0,3660.0,72500.0,1502.0,7800.0,51340.0,4777.0,1272.0,3575.0,1924.75,6089.0,1351.5,16894.958984375,414.70001220703125,1007.0,28290.0,5852.0,4579.353515625,7735.70654296875,72840.0,4750.0,4090.672119140625,2867.14892578125,3282.0,3764.0,2089.0,5740.0,1950.0,6041.5810546875,3356.0,6084.0,2061.5,5864.0,4870.0,924.1519775390625,141.3000030517578,1941.5,3626.0,7417.0,2732.0,2481.096435546875,4406.0,222.8000030517578,6638.0,4414.0,6095.0,3817.0,6468.0,1509.9573974609375,2377.0,1522.5,2170.0,407.8641052246094,6018.0,2978.0,1750.0,559.4000244140625,1917.0,5358.0,6012.0,2765.5,7369.0,6132.0,2916.5,7855.0,3250.6689453125,2877.784912109375,11042.705078125,1848.5,5873.0,150.0,2346.0,42322.58984375,2725.5,79440.0,4483.0,1697.5,7397.0,2881.5,1415.0,1846.0,5483.0,7680.0,84250.0,2540.5,1273.5,7050.0,1808.0,4190.0
2026-05-14,2877.0,4174.0,3357.2783203125,25025.0,27670.0,3008.0,5256.0,2835.5,3026.25,1850.5,3377.0,6864.0,3444.0,71330.0,1500.0,7780.0,51200.0,4538.0,1320.0,3854.0,1885.0,6339.0,1315.5,16499.060546875,404.79998779296875,1054.0,28615.0,5675.0,4475.8203125,8024.123046875,70000.0,4671.0,4135.80810546875,2842.88037109375,3226.0,3680.0,2044.0,5898.0,1930.0,6113.923828125,3240.0,5998.0,2047.0,5882.0,4418.0,913.2796020507812,146.5,1951.0,3618.0,7476.0,2710.0,2490.963623046875,4162.0,221.89999389648438,6560.0,4399.0,6114.0,3804.0,6436.0,1501.5987548828125,2367.5,1477.0,2149.0,403.4489440917969,5787.0,3076.0,1729.0,556.2000122070312,1884.0,5446.0,5770.0,2769.0,7362.0,6131.0,3072.0,6355.0,3360.72802734375,2911.379638671875,11300.3193359375,1805.0,5901.0,149.60000610351562,2402.0,40400.1953125,2582.0,77310.0,4320.0,1528.0,7370.0,2935.0,1409.0,1809.0,5542.0,8036.0,79470.0,2645.5,1265.0,6984.0,1920.0,4049.0
2026-05-15,2929.0,4332.0,3330.796630859375,25370.0,28005.0,3085.0,5277.0,2829.0,2745.0,1862.5,3293.0,7151.0,3576.0,71630.0,1618.0,7825.0,50290.0,4538.0,1430.0,3647.0,1877.5,6151.0,1386.0,16850.421875,417.29998779296875,1016.5,26360.0,5702.0,4485.775390625,7867.525390625,64900.0,4812.0,4151.50732421875,2900.82763671875,3110.0,3766.0,2059.0,5856.0,1922.0,6159.87109375,3217.0,6100.0,2042.0,5849.0,4232.0,925.140380859375,147.0,1957.0,3634.0,7105.0,2731.0,2588.155029296875,4080.0,225.0,6483.0,4391.0,6163.0,3709.0,6416.0,1510.4490966796875,2324.5,1497.5,2161.0,402.1734313964844,5772.0,3080.0,1728.0,559.9000244140625,1944.0,5498.0,5745.0,2745.0,7568.0,6106.0,2993.0,5819.0,3328.2998046875,2906.439208984375,11131.87890625,1767.5,5863.0,151.8000030517578,2567.5,38258.6640625,2574.0,77180.0,4137.0,1539.5,7387.0,2884.0,1405.75,1720.0,5269.0,8228.0,67880.0,2724.0,1273.0,6912.0,1843.5,4004.0
2026-05-18,2995.0,4561.0,3274.89111328125,24020.0,27725.0,2954.5,5249.0,2977.5,2845.0,1878.5,3348.0,7182.0,3596.0,70190.0,1615.0,9122.0,49260.0,4483.0,1342.5,3700.0,1814.25,6171.0,1358.0,17231.47265625,407.3999938964844,1007.5,26150.0,5732.0,4416.08984375,7814.99609375,63500.0,4808.0,4152.48828125,2783.942626953125,3148.0,3682.0,1993.0,5638.0,2279.0,6200.93017578125,3231.0,6134.0,2020.0,5500.0,3981.0,921.5821533203125,146.1999969482422,2054.0,3557.0,7013.0,2735.5,2566.940673828125,4102.0,225.0,6322.0,4420.0,6127.0,3623.0,6350.0,1517.8243408203125,2300.0,1421.0,2136.5,398.2488098144531,5778.0,3049.0,1690.0,549.0,1838.5,5558.0,5593.0,2717.0,7627.0,5883.0,2977.5,5653.0,3272.287841796875,2922.74267578125,11077.3837890625,1747.5,5851.0,152.39999389648438,2385.0,38039.53125,2620.5,76830.0,3993.0,1498.0,7064.0,2834.0,1366.0,1744.0,5193.0,7966.0,66780.0,2688.5,1248.0,6525.0,1769.0,4162.0
2026-05-19,3108.0,4800.0,3336.681396484375,23730.0,26895.0,2957.0,5255.0,3021.0,2710.0,1947.0,3353.0,7519.0,3720.0,73650.0,1654.0,9846.0,47160.0,4544.0,1342.5,3509.0,1804.25,6180.0,1360.0,16998.8828125,422.5,1030.5,25290.0,5942.0,4413.10302734375,7865.54345703125,61600.0,4944.0,4172.11279296875,2779.98046875,3171.0,3788.0,1980.5,5553.0,2294.0,6308.46630859375,3332.0,6435.0,2078.0,5519.0,3955.0,954.6934814453125,149.89999389648438,2093.0,3609.0,7032.0,2756.5,2712.974609375,4126.0,229.3000030517578,6346.0,4503.0,6371.0,3901.0,6020.0,1554.2088623046875,2317.0,1500.5,2218.5,400.60357666015625,5914.0,3028.0,1700.0,550.0,1859.5,5619.0,5361.0,2746.0,7949.0,5875.0,2985.5,4695.0,3320.4384765625,2989.43798828125,11022.888671875,1819.5,5824.0,155.3000030517578,2450.0,35917.92578125,2636.0,75000.0,4013.0,1534.0,7056.0,2911.5,1428.75,1875.0,5178.0,7662.0,67120.0,2764.0,1276.0,6886.0,1810.0,4297.0
2026-05-20,3030.0,4735.0,3273.910400390625,23605.0,26500.0,2942.0,5255.0,3075.0,2631.25,1943.5,3207.0,7500.0,3606.0,74740.0,1656.0,9653.0,46100.0,4485.0,1343.0,3500.0,1752.75,6164.0,1313.5,16716.8046875,421.20001220703125,1001.0,25625.0,5882.0,4350.3857421875,7828.87158203125,61340.0,4908.0,4092.634521484375,2637.341064453125,3143.0,3775.0,1935.0,5374.0,2342.5,6203.86328125,3263.0,6238.0,2028.5,5436.0,3748.0,937.495361328125,145.0,2110.0,3550.0,6845.0,2727.0,2699.16064453125,4024.0,226.39999389648438,6190.0,4420.0,6358.0,3860.0,5747.0,1575.3511962890625,2295.0,1518.5,2230.5,394.61859130859375,6052.0,3035.0,1673.5,540.7000122070312,1835.5,5610.0,5039.0,2717.0,7817.0,5804.0,2943.0,4295.0,3261.478515625,2924.224853515625,11300.3193359375,1834.0,5795.0,156.5,2437.0,35509.5390625,2605.5,72910.0,3966.0,1508.0,6763.0,2921.0,1410.75,1872.5,5068.0,7322.0,64820.0,2780.0,1250.5,6982.0,1753.0,4140.0
2026-05-21,3067.0,4681.0,3262.140625,23675.0,26580.0,2978.0,5180.0,3193.0,2682.5,1894.5,3421.0,7274.0,3554.0,73300.0,1669.0,9564.0,48800.0,4453.0,1384.0,3785.0,1780.0,6727.0,1307.5,16845.47265625,411.70001220703125,1003.5,26745.0,6031.0,4499.712890625,7766.43115234375,65650.0,5123.0,4052.40478515625,2676.4677734375,3196.0,3692.0,1949.0,5325.0,2332.0,6093.39404296875,3259.0,5568.0,2120.0,5411.0,3806.0,926.6229858398438,143.5,2134.0,3535.0,6857.0,2722.0,2734.18896484375,3958.0,224.5,6164.0,4350.0,6430.0,3748.0,6069.0,1554.7005615234375,2278.0,1496.5,2141.5,401.0941467285156,6241.0,2981.0,1709.0,546.0,1850.0,5498.0,6039.0,2785.0,7697.0,5662.0,3141.0,4501.0,3269.33984375,2931.635498046875,11582.703125,1877.0,5709.0,153.6999969482422,2493.0,37910.04296875,2664.5,76960.0,4110.0,1520.0,6811.0,2940.0,1425.75,1848.0,5176.0,7667.0,64770.0,2718.0,1290.5,7301.0,1779.5,4125.0
2026-05-22,3091.0,4697.0,3271.94873046875,24065.0,26225.0,2987.0,5109.0,3104.0,2955.0,1860.5,3507.0,7240.0,3525.0,75510.0,1650.5,9789.0,49830.0,4416.0,1401.0,4044.0,1782.75,7130.0,1300.0,16716.8046875,409.20001220703125,1027.5,26845.0,6006.0,4524.6005859375,8018.17626953125,65860.0,5002.0,4124.033203125,2674.48681640625,3181.0,3606.0,1949.5,5271.0,2393.5,5996.611328125,3307.0,5676.0,2139.5,5432.0,3741.0,931.56494140625,142.5,2116.0,3553.0,7034.0,2693.0,2684.35986328125,3969.0,223.0,6236.0,4245.0,6356.0,3704.0,6301.0,1537.49169921875,2269.5,1480.5,2140.0,404.62628173828125,6230.0,2959.5,1726.0,553.5,1834.5,5391.0,6757.0,2784.0,7381.0,5580.0,3370.0,4850.0,3255.582275390625,2962.265869140625,11543.0703125,1980.5,5650.0,152.60000610351562,2441.0,37979.76953125,2649.5,79370.0,4058.0,1480.0,6974.0,2997.0,1403.5,1888.0,5300.0,8174.0,66270.0,2709.5,1287.0,7457.0,1789.5,4105.0
2026-05-25,3066.0,4612.0,3279.795166015625,24470.0,26300.0,3026.0,5104.0,3093.0,3066.25,1837.5,3566.0,7070.0,3598.0,75090.0,1666.0,9688.0,52180.0,4431.0,1408.5,4297.0,1840.25,7928.0,1289.5,16365.4453125,398.0,1089.5,27755.0,6056.0,4629.12939453125,8044.9365234375,69780.0,5054.0,4150.52587890625,2721.537841796875,3194.0,3570.0,1951.0,5312.0,2335.0,5960.43994140625,3308.0,5575.0,2124.0,5320.0,3869.0,910.0178833007812,142.0,2091.5,3552.0,7041.0,2688.5,2672.519287109375,3908.0,217.60000610351562,6385.0,4216.0,6479.0,3651.0,6560.0,1473.0811767578125,2267.5,1410.0,2125.5,410.1207275390625,6286.0,3029.0,1770.0,556.2000122070312,1837.0,5321.0,7070.0,2874.5,7387.0,5465.0,3715.0,5550.0,3290.95849609375,2964.241943359375,11419.2177734375,2000.5,5560.0,150.6999969482422,2464.5,42850.5,2700.5,78860.0,4094.0,1523.0,7096.0,3106.0,1415.25,1818.5,5475.0,8428.0,66930.0,2634.5,1273.0,7304.0,1911.0,4106.0
2026-05-26,3061.0,4564.0,3280.77587890625,23135.0,25970.0,3022.0,5060.0,3050.0,2985.0,1839.0,3607.0,7060.0,3548.0,75510.0,1671.5,9824.0,51420.0,4402.0,1407.0,4589.0,1840.0,8077.0,1287.5,16395.138671875,401.0,1118.5,26075.0,6065.0,4533.56005859375,7518.65087890625,66910.0,5056.0,4129.92041015625,2673.991455078125,3155.0,3551.0,1915.0,5348.0,2334.5,5981.947265625,3370.0,5742.0,2084.5,5186.0,3956.0,897.6629028320312,142.0,2080.0,3547.0,7022.0,2630.0,2716.427978515625,3944.0,216.5,6530.0,4202.0,6514.0,3631.0,6539.0,1476.0313720703125,2233.5,1428.0,2155.5,409.53204345703125,6362.0,2992.5,1750.5,557.5,1850.5,5254.0,7841.0,2889.5,7356.0,5381.0,3627.0,5329.0,3302.75048828125,2935.09375,11330.0439453125,1990.0,5554.0,149.6999969482422,2466.0,41515.78125,2706.0,77120.0,4133.0,1544.5,6996.0,3146.0,1415.25,1776.0,5344.0,8399.0,66960.0,2616.5,1269.0,7359.0,1921.0,4113.0
2026-05-27,3031.0,4747.0,3273.910400390625,23405.0,27195.0,3008.0,5128.0,3001.0,3003.75,1836.0,3569.0,7131.0,3525.0,77820.0,1664.0,9907.0,52500.0,4402.0,1421.5,4474.0,1797.5,7820.0,1296.0,16494.11328125,412.5,1115.5,27130.0,5950.0,4672.931640625,7808.05810546875,67630.0,4960.0,4110.29638671875,2730.452880859375,3224.0,3528.0,1927.5,5220.0,2395.5,5978.037109375,3512.0,5933.0,2045.5,5124.0,3713.0,917.5297241210938,143.10000610351562,2059.5,3500.0,7406.0,2616.0,2686.82666015625,3898.0,218.6999969482422,6476.0,4290.0,6588.0,3727.0,6500.0,1492.2568359375,2134.0,1415.0,2199.0,407.7659912109375,6156.0,3031.0,1750.0,563.2000122070312,1888.5,5230.0,7272.0,2883.0,7367.0,5359.0,3608.0,5140.0,3294.88916015625,2963.748046875,11206.19140625,1922.5,5454.0,151.0,2437.0,41366.37109375,2682.0,75780.0,4041.0,1532.0,6841.0,3129.0,1407.0,1845.0,5289.0,8154.0,66470.0,2689.5,1260.0,7217.0,1914.5,4146.0
2026-05-28,2982.0,4832.0,3297.449462890625,23480.0,26970.0,3030.0,5120.0,2960.5,2988.75,1835.5,3544.0,6972.0,3451.0,78380.0,1627.5,10185.0,52320.0,4374.0,1441.5,4306.0,1776.25,8538.0,1291.5,16434.728515625,414.5,1116.5,26340.0,5849.0,4636.09765625,7674.2568359375,66350.0,5174.0,4145.6201171875,2783.942626953125,3322.0,3444.0,1930.0,5224.0,2399.5,5961.41796875,3513.0,5902.0,2036.0,5038.0,3652.0,942.5361328125,141.89999389648438,2029.5,3471.0,7344.0,2620.0,2684.853271484375,3804.0,217.39999389648438,6422.0,4245.0,6462.0,3678.0,6557.0,1505.5322265625,2124.0,1402.0,2250.0,405.70556640625,6124.0,2996.5,1755.5,563.5999755859375,1886.0,5322.0,7125.0,2886.0,7189.0,5327.0,3796.0,5017.0,3333.213134765625,3003.271240234375,11037.7509765625,1895.5,5433.0,150.10000610351562,2465.5,39951.96875,2662.5,75180.0,4018.0,1505.0,6729.0,3271.0,1388.5,1821.5,5142.0,7984.0,67880.0,2714.0,1250.5,7065.0,1919.0,4086.0
2026-05-29,2999.0,5022.0,3288.622314453125,23285.0,27080.0,3042.0,5118.0,3069.0,3146.25,1859.5,3700.0,7148.0,3444.0,82330.0,1636.0,10570.0,52420.0,4334.0,1452.5,4500.0,1774.75,9625.0,1305.5,16335.7529296875,417.29998779296875,1147.0,26170.0,5819.0,4821.2626953125,7821.93408203125,65090.0,5166.0,4148.5634765625,2815.14501953125,3322.0,3412.0,1935.5,5196.0,2401.0,6028.8720703125,3368.0,5958.0,2039.5,5065.0,3717.0,937.1988525390625,140.0,2068.0,3479.0,7758.0,2628.5,2682.386474609375,3806.0,215.3000030517578,6577.0,4287.0,6350.0,3641.0,6558.0,1498.156982421875,2283.0,1391.5,2295.5,410.0226135253906,6237.0,3000.0,1787.0,566.5999755859375,1908.0,5313.0,7491.0,2988.5,7111.0,5290.0,4108.0,4771.0,3383.329345703125,3021.056640625,11607.4736328125,1951.0,5476.0,149.5,2442.0,39971.88671875,2700.5,80110.0,4056.0,1530.5,6930.0,3483.0,1368.5,1785.5,5152.0,7892.0,69110.0,2738.5,1285.0,7195.0,1973.5,4103.0
2026-06-01,3023.0,5224.0,3217.02392578125,23630.0,26440.0,2905.5,4881.0,3009.0,3295.0,1834.0,3595.0,7163.0,3542.0,80510.0,1634.5,10900.0,53060.0,4215.0,1402.0,4417.0,1745.5,10490.0,1265.0,16038.830078125,423.5,1091.5,25675.0,5861.0,4731.6669921875,7595.9580078125,63760.0,5126.0,4246.68505859375,2763.14111328125,3381.0,3354.0,1879.5,4918.0,2345.5,5932.08984375,3650.0,5906.0,2014.5,4921.0,3601.0,923.6577758789062,139.0,2035.0,3386.0,7793.0,2528.5,2577.79443359375,3636.0,216.10000610351562,6470.0,4298.0,6392.0,3721.0,6088.0,1464.23095703125,2174.0,1352.5,2248.0,409.6301574707031,6205.0,2865.0,1768.0,549.5999755859375,1869.0,5275.0,8541.0,2915.5,7108.0,5033.0,4104.0,4677.0,3359.745361328125,2983.015625,11295.365234375,2008.5,5385.0,148.0,2422.0,38228.78515625,2619.0,80220.0,3926.0,1478.5,6618.0,3538.0,1367.0,1806.5,5380.0,8081.0,66520.0,2684.0,1298.5,7185.0,1940.5,4369.0
2026-06-02,3046.0,5047.0,3174.849609375,22660.0,26305.0,2844.0,4850.0,3066.0,3253.75,1854.5,3595.0,7426.0,3669.0,79680.0,1622.0,10845.0,53710.0,4187.0,1387.0,4455.0,1705.0,10230.0,1286.5,16291.21484375,424.5,1084.0,26320.0,5951.0,4646.052734375,7550.36669921875,64200.0,5083.0,4240.79736328125,2903.799072265625,3346.0,3345.0,1857.5,4910.0,2248.5,5994.65625,3701.0,5900.0,2023.0,4924.0,3677.0,919.3087768554688,138.3000030517578,2074.0,3364.0,7473.0,2485.0,2545.23291015625,3516.0,217.60000610351562,6544.0,4266.0,6325.0,3773.0,6001.0,1448.98876953125,2169.5,1348.5,2189.0,407.9621887207031,6220.0,2823.0,1742.5,536.5999755859375,1867.5,5319.0,8632.0,2846.0,7046.0,5066.0,3849.0,4574.0,3344.022705078125,2957.819580078125,11211.1455078125,1953.0,5500.0,147.89999389648438,2438.5,39095.35546875,2582.5,78340.0,3973.0,1510.5,6467.0,3544.0,1389.0,1805.0,5262.0,7593.0,63680.0,2661.5,1324.0,7346.0,1918.5,4434.0
2026-06-03,3137.0,4894.0,3218.004638671875,23795.0,27495.0,2881.0,4748.0,3163.0,3491.25,1887.5,3916.0,7457.0,3619.0,78420.0,1650.0,10920.0,60900.0,4265.0,1496.5,4824.0,1710.5,10420.0,1327.5,15934.90625,409.3999938964844,1099.0,27660.0,6148.0,4481.79345703125,7357.09765625,68710.0,5270.0,4349.7119140625,2936.982666015625,3479.0,3313.0,1858.5,4993.0,2279.0,5975.10400390625,3576.0,5900.0,2052.5,4979.0,3641.0,903.791015625,140.0,2125.0,3325.0,7806.0,2496.0,2602.46240234375,3573.0,218.6999969482422,7112.0,4294.0,6442.0,3722.0,6085.0,1465.2142333984375,2160.0,1351.0,2215.0,415.8114013671875,6300.0,2817.0,1757.5,546.7000122070312,1926.0,5362.0,8315.0,2830.0,7098.0,5059.0,3950.0,5001.0,3397.086669921875,2964.241943359375,10993.1640625,2133.0,5459.0,147.8000030517578,2471.0,41605.42578125,2517.0,80630.0,3957.0,1478.5,6500.0,3813.0,1429.75,1852.0,5227.0,7975.0,64000.0,2706.5,1350.5,7633.0,1890.5,4273.0
2026-06-04,3169.0,4743.0,3230.755126953125,23745.0,26430.0,2838.5,4850.0,3225.0,3366.25,1849.0,3800.0,7272.0,3540.0,78870.0,1647.5,10615.0,63660.0,4227.0,1504.5,4838.0,1693.75,9904.0,1287.0,15588.4951171875,406.5,1095.0,28170.0,6129.0,4344.4130859375,7499.8193359375,72210.0,5183.0,4335.97509765625,2882.50244140625,3548.0,3280.0,1854.5,4968.0,2276.0,5890.052734375,3485.0,5774.0,2097.0,4896.0,3518.0,875.028564453125,141.5,2145.5,3297.0,7641.0,2469.5,2592.59521484375,3701.0,213.89999389648438,6955.0,4247.0,6344.0,3719.0,5952.0,1463.24755859375,2150.5,1335.5,2184.0,410.7094421386719,6250.0,2826.5,1786.0,540.5,1907.0,5438.0,7377.0,2815.5,6940.0,5041.0,3950.0,4805.0,3351.884033203125,2888.65380859375,10676.1015625,2039.0,5534.0,146.89999389648438,2474.5,42581.56640625,2392.0,80040.0,3931.0,1467.5,6436.0,3913.0,1431.5,1882.0,5118.0,7800.0,65070.0,2643.5,1349.5,7645.0,1856.0,4224.0
2026-06-05,3219.0,4882.0,3141.502197265625,23700.0,26340.0,2850.0,4926.0,3161.0,3252.5,1863.5,3754.0,7524.0,3559.0,78700.0,1662.5,10595.0,59450.0,4191.0,1444.5,4568.0,1710.5,9695.0,1277.0,15504.3671875,408.0,1063.0,26765.0,6230.0,4404.1435546875,7486.9345703125,72580.0,5300.0,4281.02734375,2858.23388671875,3528.0,3366.0,1873.5,5044.0,2280.0,5839.21728515625,3591.0,5898.0,2118.0,4859.0,3550.0,894.3023681640625,140.3000030517578,2122.5,3345.0,7350.0,2508.5,2572.861083984375,3790.0,211.6999969482422,6739.0,4325.0,6309.0,3751.0,6014.0,1450.9554443359375,2161.0,1354.5,2180.5,410.7094421386719,6113.0,2865.0,1786.5,547.0,1887.0,5609.0,7426.0,2840.0,6996.0,5039.0,4111.0,4747.0,3321.421142578125,2925.212890625,10482.8916015625,2004.0,5801.0,146.0,2454.5,42013.8125,2490.0,78070.0,3980.0,1495.0,6456.0,3720.0,1457.0,1843.5,4942.0,7648.0,65260.0,2651.5,1361.0,7716.0,1865.5,4253.0
2026-06-08,3168.0,4699.0,3191.523193359375,23440.0,25280.0,2822.5,5050.0,3126.0,3035.0,1915.5,3574.0,7640.0,3508.0,78820.0,1667.5,10755.0,55020.0,4249.0,1438.5,4139.0,1654.25,8711.0,1250.0,15360.853515625,406.70001220703125,1033.5,25235.0,6105.0,4336.44873046875,7398.72509765625,67480.0,5031.0,4250.60986328125,2727.481201171875,3426.0,3380.0,1844.0,4870.0,2284.5,5997.5888671875,3465.0,5992.0,2085.5,4833.0,3416.0,897.4652099609375,142.0,2128.0,3394.0,6863.0,2547.0,2606.4091796875,3699.0,213.8000030517578,6555.0,4402.0,6393.0,3719.0,5668.0,1479.9647216796875,2149.0,1394.5,2220.0,401.0941467285156,6101.0,2844.5,1746.0,538.7999877929688,1903.5,5646.0,6976.0,2799.0,7232.0,4932.0,3715.0,4401.0,3370.5546875,2961.771728515625,10453.1669921875,1998.0,5767.0,147.3000030517578,2493.0,38945.9453125,2528.5,74980.0,3898.0,1462.5,6165.0,3571.0,1446.5,1809.5,4806.0,7128.0,62210.0,2724.0,1359.5,7562.0,1854.5,4096.0
2026-06-09,3180.0,4626.0,3163.079833984375,23265.0,25605.0,2830.0,4975.0,3154.0,3010.0,1898.5,3924.0,7738.0,3443.0,78060.0,1705.5,11185.0,59920.0,4248.0,1444.5,4395.0,1641.25,9692.0,1223.5,15415.2900390625,402.0,1021.0,26330.0,6182.0,4392.197265625,7310.51513671875,71520.0,4882.0,4287.8955078125,2777.0087890625,3504.0,3383.0,1848.0,4894.0,2284.0,5934.044921875,3437.0,6217.0,2154.0,4805.0,3426.0,878.38916015625,146.8000030517578,2181.0,3463.0,6836.0,2552.0,2601.475830078125,3629.0,211.5,6656.0,4540.0,6443.0,3674.0,5819.0,1467.6727294921875,2144.5,1370.0,2198.0,405.4112243652344,6243.0,2768.0,1716.0,540.7999877929688,1925.0,5702.0,7048.0,2776.5,7410.0,4931.0,3835.0,4499.0,3376.45068359375,2930.1533203125,10180.6904296875,2075.0,5878.0,146.6999969482422,2523.0,40320.5078125,2559.0,74770.0,3957.0,1487.0,6105.0,3627.0,1484.0,1786.0,4757.0,7121.0,62480.0,2721.0,1399.0,7690.0,1838.5,4065.0
2026-06-10,3183.0,4650.0,3255.275146484375,23300.0,25710.0,2814.0,5070.0,3177.0,2657.5,1941.0,3756.0,7215.0,3385.0,79130.0,1732.0,11380.0,61830.0,4381.0,1437.5,4308.0,1584.5,8650.0,1208.5,15727.0595703125,407.5,1019.5,25235.0,6227.0,4360.3408203125,7492.88134765625,70060.0,4784.0,4242.759765625,2749.273193359375,3521.0,3460.0,1855.5,4795.0,2308.5,6025.939453125,3362.0,6146.0,2139.0,4615.0,3490.0,892.029052734375,147.0,2205.0,3507.0,6695.0,2617.0,2683.373046875,3578.0,214.8000030517578,6568.0,4597.0,6547.0,3656.0,5572.0,1517.8243408203125,2140.5,1423.0,2292.5,400.1130065917969,6167.0,2797.5,1756.0,542.2999877929688,1882.5,5566.0,6461.0,2823.0,7406.0,4849.0,3640.0,4194.0,3357.780029296875,2988.449951171875,10170.7822265625,2074.0,5689.0,149.0,2535.5,40489.83984375,2487.5,72890.0,4162.0,1546.5,6092.0,3557.0,1479.5,1803.0,4729.0,6763.0,61840.0,2752.0,1387.0,7614.0,1844.0,4010.0
2026-06-11,3141.0,4600.0,3194.465576171875,23070.0,25650.0,2747.5,5033.0,3096.0,2562.5,1942.0,3767.0,7144.0,3369.0,78480.0,1730.5,11155.0,63400.0,4283.0,1427.5,4262.0,1546.5,8967.0,1222.5,16711.857421875,405.29998779296875,1036.0,25175.0,6203.0,4437.99072265625,7362.05322265625,70030.0,4655.0,4194.6806640625,2675.97265625,3485.0,3460.0,1826.0,4812.0,2264.0,6163.78125,3367.0,6174.0,2116.0,4605.0,3468.0,912.9830932617188,142.10000610351562,2209.5,3405.0,6858.0,2609.5,2703.107421875,3494.0,215.0,6405.0,4552.0,6604.0,3665.0,5446.0,1519.2994384765625,2107.0,1373.0,2305.5,398.6412658691406,6050.0,2769.5,1760.0,535.0,1834.5,5660.0,6374.0,2804.5,7404.0,4857.0,3561.0,4142.0,3301.767822265625,2998.824951171875,10126.1953125,2072.0,5712.0,150.6999969482422,2480.0,40041.61328125,2495.0,71270.0,4130.0,1538.0,5969.0,3596.0,1469.0,1740.5,5084.0,6778.0,61920.0,2757.5,1352.5,7394.0,1786.5,4000.0
2026-06-12,3162.0,4496.0,3225.85107421875,23030.0,26420.0,2775.5,5082.0,3211.0,2742.5,1946.0,3800.0,7174.0,3292.0,80530.0,1753.5,10790.0,68000.0,4300.0,1411.0,4355.0,1564.75,8556.0,1235.5,16598.03515625,402.29998779296875,1080.5,27325.0,6406.0,4430.02685546875,7383.85791015625,79900.0,4657.0,4192.71826171875,2681.915771484375,3401.0,3404.0,1876.5,4899.0,2199.5,6038.6484375,3260.0,6149.0,2147.0,4683.0,3569.0,904.384033203125,141.5,2318.0,3365.0,7188.0,2577.5,2684.35986328125,3540.0,213.5,6525.0,4597.0,6549.0,3666.0,5545.0,1471.606201171875,2140.0,1388.0,2264.5,404.4300842285156,6092.0,2775.5,1788.5,551.5999755859375,1854.0,5630.0,6472.0,2839.0,7325.0,4886.0,3504.0,4256.0,3337.143798828125,2985.979736328125,10106.37890625,2121.5,5765.0,148.0,2474.0,43826.640625,2500.5,72620.0,4196.0,1558.0,6174.0,3671.0,1490.25,1703.0,5158.0,6950.0,65510.0,2769.0,1364.5,7563.0,1868.0,3879.0
2026-06-15,3242.0,4565.0,3270.968017578125,23360.0,26630.0,2902.5,5088.0,3198.0,2882.5,1939.5,4010.0,7110.0,3320.0,81080.0,1776.0,10720.0,72760.0,4388.0,1458.0,4488.0,1641.75,10060.0,1246.0,16207.0869140625,410.8999938964844,1128.5,29420.0,6519.0,4472.833984375,7362.05322265625,85250.0,4737.0,4245.70361328125,2816.135498046875,3439.0,3377.0,1907.0,5042.0,2237.0,5934.044921875,3260.0,6242.0,2203.0,4728.0,3685.0,917.6286010742188,143.60000610351562,2285.5,3350.0,7564.0,2565.0,2646.371337890625,3659.0,210.1999969482422,6817.0,4673.0,6409.0,3594.0,5858.0,1484.881591796875,2152.5,1382.5,2263.0,416.4981994628906,6170.0,2787.0,1764.5,574.2000122070312,1906.5,5524.0,7139.0,3010.0,7301.0,4838.0,3906.0,4346.0,3452.1162109375,2991.414306640625,10136.103515625,2204.0,5686.0,146.60000610351562,2568.0,48109.69921875,2546.0,75650.0,4277.0,1570.5,6505.0,3837.0,1515.25,1686.0,5060.0,7344.0,70130.0,2718.0,1414.0,7793.0,1933.0,3847.0
2026-06-16,3228.0,4505.0,3232.716796875,23590.0,27065.0,2847.5,5020.0,3170.0,3080.0,1912.5,4079.0,7218.0,3275.0,81950.0,1789.5,10750.0,70860.0,4346.0,1439.0,4484.0,1632.25,10530.0,1241.0,16424.830078125,416.5,1104.5,30340.0,6409.0,4411.1123046875,7456.2099609375,81550.0,4747.0,4225.09814453125,2842.385009765625,3379.0,3398.0,1859.5,4921.0,2220.0,5962.3955078125,3276.0,6248.0,2144.5,4595.0,3552.0,922.0763549804688,140.60000610351562,2264.5,3351.0,7454.0,2569.5,2683.866455078125,3810.0,211.60000610351562,6650.0,4616.0,6372.0,3589.0,5872.0,1478.48974609375,2144.0,1361.0,2276.0,415.1246032714844,6305.0,2809.0,1761.5,566.0,1893.5,5466.0,7102.0,3043.0,7288.0,4703.0,3802.0,4738.0,3417.72265625,3007.2236328125,10264.91015625,2224.0,5559.0,145.89999389648438,2564.5,46386.515625,2519.5,75500.0,4185.0,1530.0,6416.0,3777.0,1494.75,1662.0,5146.0,7400.0,69030.0,2714.5,1415.0,7757.0,1900.0,3849.0
2026-06-17,3272.0,4596.0,3213.100830078125,23680.0,27620.0,2810.0,4938.0,3125.0,3075.0,1933.0,4200.0,7275.0,3286.0,82900.0,1793.0,10520.0,72640.0,4358.0,1415.5,4477.0,1636.75,10865.0,1246.5,16746.498046875,418.5,1140.0,30060.0,6450.0,4375.27392578125,7582.08251953125,83700.0,4701.0,4289.8583984375,2828.02197265625,3377.0,3345.0,1860.5,4949.0,2246.0,5935.0224609375,3256.0,6194.0,2161.5,4610.0,3520.0,932.849853515625,140.60000610351562,2196.5,3297.0,7549.0,2573.5,2696.200439453125,3860.0,210.10000610351562,6650.0,4557.0,6432.0,3612.0,5863.0,1490.2901611328125,2132.5,1365.5,2291.0,417.4793701171875,6336.0,2832.5,1790.0,557.5,1917.0,5348.0,6880.0,3033.0,7252.0,4719.0,3830.0,4729.0,3443.272216796875,3051.687255859375,10472.9833984375,2200.0,5438.0,146.89999389648438,2582.5,52492.36328125,2595.5,75600.0,4152.0,1516.5,6344.0,3747.0,1508.25,1612.0,5340.0,7515.0,72600.0,2728.0,1451.0,8006.0,1950.0,3852.0
2026-06-18,3374.0,4655.0,3213.100830078125,23795.0,28515.0,2793.5,5037.0,3296.0,3050.0,1945.5,4305.0,7166.0,3250.0,84100.0,1820.5,11165.0,76080.0,4372.0,1414.0,4550.0,1626.75,11745.0,1226.5,16914.75390625,412.70001220703125,1122.5,30300.0,6728.0,4377.2646484375,7498.828125,84990.0,4800.0,4273.177734375,2828.02197265625,3424.0,3393.0,1871.0,4909.0,2259.0,5950.6640625,3343.0,6380.0,2256.0,4570.0,3553.0,908.7329711914062,140.6999969482422,2234.0,3331.0,7459.0,2619.5,2747.509521484375,3968.0,210.10000610351562,6653.0,4588.0,6388.0,3631.0,6056.0,1497.6654052734375,2175.0,1336.0,2300.0,424.15118408203125,6462.0,2833.0,1784.0,565.4000244140625,1935.0,5270.0,7189.0,2996.0,7324.0,4719.0,3855.0,4461.0,3404.947998046875,3039.830322265625,10730.5966796875,2258.5,5362.0,147.89999389648438,2577.0,56227.5859375,2706.0,77520.0,4112.0,1508.5,6217.0,3691.0,1544.0,1669.0,5787.0,7596.0,72600.0,2715.5,1435.0,8249.0,1936.0,3973.0
2026-06-19,3278.0,4358.0,3208.19677734375,23890.0,27245.0,2776.5,4934.0,3190.0,3371.25,1934.0,4419.0,7076.0,3140.0,83100.0,1814.5,10865.0,75360.0,4363.0,1412.5,4734.0,1608.75,11750.0,1264.0,17028.576171875,409.5,1092.5,31740.0,6482.0,4343.41748046875,7482.97021484375,84900.0,4764.0,4229.02294921875,2819.602294921875,3383.0,3415.0,1847.5,4895.0,2224.5,5938.93310546875,3211.0,6342.0,2196.0,4540.0,3609.0,918.02392578125,140.39999389648438,2240.5,3256.0,7310.0,2593.5,2735.6689453125,3917.0,210.60000610351562,6492.0,4551.0,6458.0,3591.0,6051.0,1493.73193359375,2145.5,1315.0,2336.5,421.6002197265625,6325.0,2780.0,1792.5,559.7999877929688,1900.5,5152.0,7111.0,2961.0,7194.0,4716.0,3909.0,5161.0,3366.6240234375,3063.544189453125,10418.48828125,2125.5,5264.0,144.39999389648438,2440.5,54882.90625,2541.5,77700.0,4050.0,1509.5,6191.0,3680.0,1515.75,1646.0,5790.0,7473.0,72840.0,2721.5,1408.5,7884.0,1916.5,3756.0
2026-06-22,3333.0,4256.0,3172.887939453125,23905.0,26975.0,2741.5,4975.0,3269.0,3375.0,1876.5,4393.0,7000.0,3183.0,81530.0,1834.5,11050.0,77800.0,4292.0,1413.5,5041.0,1622.25,12250.0,1251.5,17083.01171875,406.79998779296875,1099.5,32170.0,6645.0,4268.75390625,7455.21875,88480.0,4864.0,4199.5869140625,2811.1826171875,3364.0,3324.0,1847.5,4913.0,2244.5,5834.32958984375,3188.0,6459.0,2230.0,4609.0,3543.0,919.90185546875,138.60000610351562,2227.5,3259.0,7307.0,2610.5,2773.65771484375,3909.0,208.8000030517578,6551.0,4640.0,6557.0,3644.0,6183.0,1484.881591796875,2177.0,1304.5,2322.5,426.3097229003906,6485.0,2812.0,1823.5,562.2999877929688,1892.0,5203.0,7244.0,2934.5,7298.0,4739.0,4063.0,6161.0,3375.468017578125,2998.330810546875,10512.6162109375,2155.0,5293.0,144.0,2427.5,57263.48828125,2534.5,77990.0,3987.0,1478.5,6171.0,3672.0,1553.25,1662.5,6160.0,7960.0,74240.0,2635.5,1436.5,8043.0,1911.0,3752.0
2026-06-23,3267.0,4304.0,3170.92626953125,23630.0,26485.0,2706.0,5011.0,3210.0,3148.75,1868.5,4230.0,6917.0,3159.0,82170.0,1812.0,11115.0,72960.0,4275.0,1397.5,4754.0,1595.0,11005.0,1242.5,16855.369140625,406.6000061035156,1087.0,31430.0,6458.0,4185.130859375,7368.0,82870.0,4750.0,4142.67626953125,2708.16552734375,3320.0,3351.0,1830.5,4793.0,2194.0,5791.31494140625,3162.0,6352.0,2162.0,4591.0,3494.0,904.384033203125,137.1999969482422,2215.0,3346.0,7301.0,2629.5,2747.509521484375,3742.0,205.60000610351562,6539.0,4616.0,6434.0,3665.0,6104.0,1488.8150634765625,2133.0,1301.5,2363.0,414.83026123046875,6334.0,2819.5,1793.0,551.0,1885.5,5272.0,6513.0,2920.0,7288.0,4672.0,3943.0,6487.0,3335.178466796875,3010.681884765625,10611.6982421875,2063.0,5328.0,144.1999969482422,2391.5,51795.12109375,2520.0,75680.0,3859.0,1448.0,6130.0,3593.0,1513.25,1638.0,5652.0,7459.0,71330.0,2664.0,1401.0,7820.0,1883.0,3683.0
2026-06-24,3205.0,4368.0,3145.425537109375,23490.0,26350.0,2686.0,5104.0,3101.0,3056.25,1910.0,4454.0,6858.0,3250.0,81540.0,1728.0,11225.0,69900.0,4320.0,1391.5,4703.0,1567.5,11030.0,1207.0,16578.240234375,405.8999938964844,1086.0,31200.0,6356.0,4226.9423828125,7433.4140625,79740.0,4691.0,4094.596923828125,2742.33935546875,3333.0,3363.0,1819.0,4687.0,2184.0,5816.732421875,3232.0,6151.0,2121.0,4530.0,3463.0,905.767822265625,138.60000610351562,2225.5,3371.0,7100.0,2639.5,2748.0029296875,3743.0,205.3000030517578,6481.0,4450.0,6380.0,3673.0,5982.0,1499.632080078125,2159.5,1318.5,2374.0,411.98492431640625,6207.0,2820.5,1796.0,547.2000122070312,1869.5,5352.0,6597.0,2952.0,6970.0,4596.0,3816.0,6313.0,3305.698486328125,3002.777099609375,10770.2294921875,2015.5,5370.0,145.10000610351562,2375.0,50410.59765625,2526.5,76750.0,3867.0,1464.0,6081.0,3517.0,1472.25,1644.5,5480.0,7362.0,69130.0,2679.5,1407.0,7722.0,1883.5,3838.0
2026-06-25,3233.0,4267.0,3217.02392578125,23850.0,26120.0,2700.5,5054.0,3050.0,3060.0,1910.5,4610.0,6859.0,3197.0,84300.0,1705.5,11240.0,75340.0,4351.0,1414.0,4844.0,1532.5,11825.0,1191.0,17162.19140625,409.70001220703125,1095.0,35900.0,6340.0,4503.69482421875,7467.1123046875,85970.0,4554.0,4178.0,2728.967041015625,3413.0,3343.0,1814.0,4607.0,2193.5,5814.77734375,3187.0,6105.0,2107.0,4400.0,3493.0,923.756591796875,137.5,2183.5,3341.0,7150.0,2637.5,2778.097900390625,3618.0,203.3000030517578,6250.0,4252.0,6374.0,3731.0,5986.0,1514.382568359375,2147.0,1300.0,2393.0,417.871826171875,6169.0,2718.5,1794.0,547.0,1860.5,5271.0,7118.0,2992.0,6850.0,4446.0,3908.0,6436.0,3365.641357421875,3083.3056640625,10740.5048828125,2028.0,5255.0,143.8000030517578,2401.5,52970.47265625,2566.5,77370.0,3984.0,1475.0,6000.0,3558.0,1494.75,1635.5,5742.0,7357.0,72930.0,2668.5,1413.5,7725.0,1936.5,3757.0
2026-06-26,3245.0,4301.0,3275.871826171875,24050.0,25575.0,2768.0,5087.0,3069.0,2983.75,1903.5,4540.0,6589.0,3199.0,84070.0,1726.5,11040.0,72920.0,4424.0,1449.5,4800.0,1550.25,10770.0,1214.5,17518.5,410.0,1094.5,32440.0,6391.0,4436.0,7368.0,78510.0,4478.0,4178.0,2725.5,3436.0,3386.0,1833.5,4692.0,2212.0,5936.0,3199.0,6126.0,2102.0,4403.0,3572.0,937.0999755859375,135.89999389648438,2161.0,3420.0,6835.0,2676.5,2822.5,3567.0,204.6999969482422,6329.0,4241.0,6398.0,3698.0,5858.0,1537.0,2145.0,1306.5,2398.5,412.4754943847656,6140.0,2755.0,1794.0,543.2999877929688,1875.0,5265.0,6226.0,3000.0,6903.0,4508.0,3575.0,6131.0,3402.0,3233.0,10795.0,2012.0,5219.0,144.3000030517578,2401.0,49803.0,2535.5,77100.0,4101.0,1480.0,5958.0,3411.0,1493.0,1684.0,5721.0,7026.0,71630.0,2681.0,1423.5,7794.0,1963.5,3795.0
2026-06-29,3211.0,4630.0,3316.084716796875,24460.0,25805.0,2772.0,5176.0,3078.0,2894.5,1953.5,4393.0,6935.0,3299.0,84380.0,1739.0,11295.0,74700.0,4452.0,1476.0,4810.0,1532.5,10740.0,1200.0,17410.0,423.5,1130.0,31950.0,6344.0,4487.0,7574.0,79550.0,4486.0,4135.0,2704.0,3513.0,3452.0,1849.5,4713.0,2247.0,6026.0,3283.0,6214.0,2104.5,4414.0,3738.0,944.5,141.5,2153.0,3485.0,6942.0,2744.5,2833.0,3651.0,207.8000030517578,6318.0,4260.0,6451.0,3834.0,5860.0,1573.5,2171.0,1372.0,2498.5,413.7510070800781,6138.0,2805.5,1803.5,546.0999755859375,1888.0,5198.0,5894.0,2999.0,7248.0,4513.0,3593.0,5885.0,3424.0,3250.0,10910.0,2037.0,5234.0,146.0,2401.5,49200.0,2614.0,78200.0,4165.0,1520.5,5964.0,3509.0,1504.75,1724.0,5816.0,7051.0,70450.0,2717.0,1415.0,7652.0,1971.5,4047.0
2026-06-30,3207.0,4592.0,3317.0654296875,24685.0,25950.0,2725.0,5155.0,3063.0,2927.0,1957.0,4502.0,6815.0,3280.0,82810.0,1778.5,11330.0,77150.0,4417.0,1480.0,4807.0,1549.0,11395.0,1197.0,17345.0,433.79998779296875,1128.5,32340.0,6346.0,4375.0,7534.0,81260.0,4471.0,4147.0,2685.5,3483.0,3408.0,1854.0,4690.0,2234.0,6012.0,3247.0,6238.0,2106.0,4347.0,3741.0,943.5999755859375,142.89999389648438,2169.0,3469.0,7008.0,2725.0,2810.5,3666.0,208.10000610351562,6282.0,4240.0,6456.0,3784.0,5876.0,1548.0,2175.0,1341.0,2490.0,415.61517333984375,6149.0,2789.0,1791.0,536.0999755859375,1876.0,5216.0,5963.0,2968.0,7202.0,4497.0,3570.0,6238.0,3410.0,3223.0,10805.0,2045.0,5213.0,145.0,2390.0,49700.0,2608.5,81060.0,4145.0,1499.0,5978.0,3561.0,1514.25,1699.0,5873.0,7355.0,71280.0,2745.0,1413.5,7743.0,1955.5,3925.0
2026-07-01,3247.0,4551.0,3298.430419921875,24795.0,25905.0,2724.5,5150.0,3087.0,2834.0,1948.0,4770.0,6980.0,3250.0,82710.0,1791.0,11530.0,78800.0,4391.0,1472.5,5123.0,1565.5,11890.0,1205.5,17160.0,426.6000061035156,1115.0,32000.0,6433.0,4314.0,7281.0,84520.0,4496.0,4146.0,2660.5,3466.0,3295.0,1852.0,4668.0,2156.5,5975.0,3237.0,6250.0,2114.5,4344.0,3668.0,931.0999755859375,144.0,2168.5,3384.0,7259.0,2651.0,2734.0,3736.0,206.39999389648438,6259.0,4281.0,6330.0,3839.0,6034.0,1512.5,2119.5,1298.0,2412.0,417.773681640625,6199.0,2731.5,1782.5,531.0,1870.5,5080.0,6000.0,2956.5,7112.0,4440.0,3700.0,5826.0,3402.0,3183.0,10665.0,2068.5,5031.0,142.8000030517578,2406.0,50790.0,2578.5,81630.0,3980.0,1479.0,6015.0,3821.0,1530.0,1646.0,6175.0,7415.0,75190.0,2655.0,1439.5,7814.0,1990.5,3981.0
2026-07-02,3306.0,4836.0,3356.297607421875,25105.0,25590.0,2793.0,5274.0,3148.0,2688.5,2000.0,4547.0,7137.0,3330.0,82320.0,1824.5,11630.0,72940.0,4458.0,1527.0,4842.0,1584.0,10875.0,1219.5,17125.0,436.0,1129.5,28815.0,6573.0,4474.0,7420.0,76860.0,4669.0,4204.0,2682.5,3514.0,3410.0,1886.0,4806.0,2214.5,6089.0,3344.0,6486.0,2197.0,4385.0,3729.0,951.9000244140625,146.3000030517578,2237.5,3453.0,7024.0,2700.0,2776.5,3788.0,210.10000610351562,6390.0,4395.0,6497.0,3891.0,5913.0,1544.0,2139.5,1354.0,2505.0,418.3623962402344,6278.0,2782.5,1783.5,542.0,1932.5,5183.0,6195.0,3083.0,7511.0,4551.0,3660.0,5368.0,3505.0,3267.0,11595.0,2124.5,5121.0,146.10000610351562,2501.5,47740.0,2641.0,80400.0,4089.0,1512.0,6107.0,3887.0,1565.0,1718.0,6042.0,7209.0,72680.0,2723.5,1458.0,7973.0,2062.5,4200.0
2026-07-03,3326.0,4910.0,3378.85595703125,25695.0,25930.0,2828.0,5359.0,3230.0,2664.0,2024.0,4522.0,7132.0,3380.0,84500.0,1843.0,11920.0,73200.0,4503.0,1550.0,4820.0,1575.0,11080.0,1221.0,17540.0,438.20001220703125,1163.0,29345.0,6672.0,4624.0,7642.0,76590.0,4615.0,4260.0,2745.5,3621.0,3459.0,1888.5,4963.0,2258.0,6057.0,3326.0,6635.0,2245.5,4457.0,3847.0,959.7999877929688,146.8000030517578,2271.5,3514.0,6958.0,2796.5,2813.5,3792.0,209.10000610351562,6627.0,4454.0,6573.0,3916.0,5944.0,1553.0,2152.0,1407.5,2543.5,423.5625,6331.0,2869.0,1849.0,548.2000122070312,1955.5,5211.0,6169.0,3140.0,7584.0,4600.0,3699.0,5358.0,3515.0,3289.0,11300.0,2179.0,5193.0,146.10000610351562,2515.5,47650.0,2649.5,80300.0,4215.0,1540.0,6216.0,3916.0,1581.5,1768.0,6167.0,7439.0,75800.0,2702.5,1471.5,8078.0,2110.0,4168.0
2026-07-06,3370.0,5087.0,3457.31982421875,26150.0,25575.0,2923.0,5517.0,3262.0,2592.5,2083.0,4557.0,7033.0,3422.0,86930.0,1875.5,11895.0,72320.0,4563.0,1599.0,4710.0,1591.0,10250.0,1260.0,17820.0,438.70001220703125,1207.5,29565.0,6800.0,4724.0,7541.0,78000.0,4805.0,4338.0,2793.5,3622.0,3502.0,1893.5,5026.0,2293.5,6189.0,3349.0,6770.0,2283.0,4507.0,3859.0,990.0,149.0,2326.0,3559.0,7415.0,2869.5,2849.0,4110.0,210.39999389648438,6749.0,4552.0,6637.0,4007.0,6043.0,1602.0,2208.0,1455.0,2561.5,427.1927490234375,6388.0,2923.0,1901.0,559.0,1992.0,5370.0,5979.0,3180.0,7810.0,4667.0,3501.0,5354.0,3606.0,3327.0,11680.0,2189.0,5379.0,147.0,2589.5,47040.0,2758.0,80910.0,4253.0,1555.5,6286.0,3874.0,1635.0,1764.0,6091.0,7477.0,75790.0,2737.5,1490.0,8195.0,2144.5,4347.0
2026-07-07,3446.0,5119.0,3452.416015625,25980.0,25645.0,2946.0,5448.0,3307.0,2443.0,2057.0,4400.0,7148.0,3502.0,87900.0,1859.5,12300.0,69470.0,4576.0,1570.5,4744.0,1609.5,9212.0,1248.5,17380.0,445.1000061035156,1193.5,28900.0,6812.0,4679.0,7620.0,71900.0,4942.0,4316.0,2778.5,3646.0,3554.0,1904.0,5048.0,2324.0,6219.0,3392.0,6642.0,2326.0,4500.0,3894.0,993.0999755859375,150.5,2355.5,3700.0,7158.0,2912.0,2876.5,4009.0,211.60000610351562,6710.0,4534.0,6667.0,4078.0,5947.0,1610.5,2174.5,1462.0,2584.5,423.66058349609375,6418.0,2909.0,1881.5,560.2999877929688,1985.0,5253.0,5771.0,3164.0,7716.0,4677.0,3357.0,5072.0,3638.0,3301.0,11515.0,2183.0,5322.0,148.0,2573.5,44050.0,2719.0,78180.0,4358.0,1571.5,6276.0,3741.0,1638.75,1790.0,5831.0,7072.0,72540.0,2779.0,1535.0,8227.0,2129.5,4348.0
2026-07-08,3433.0,5000.0,3437.703857421875,25460.0,23910.0,2889.0,5451.0,3305.0,2361.5,2030.0,4333.0,7085.0,3468.0,87100.0,1864.0,12180.0,67350.0,4545.0,1525.0,4662.0,1564.5,9027.0,1243.5,17110.0,449.20001220703125,1176.0,27545.0,6811.0,4600.0,7345.0,68230.0,4778.0,4288.0,2704.0,3574.0,3541.0,1878.0,4961.0,2276.5,6202.0,3354.0,6714.0,2358.0,4464.0,3848.0,991.9000244140625,149.6999969482422,2370.0,3664.0,6920.0,2924.0,2905.0,3821.0,213.10000610351562,6525.0,4520.0,6668.0,4053.0,5699.0,1660.5,2146.5,1455.0,2602.0,418.46051025390625,6377.0,2873.5,1867.0,556.0,1945.0,5356.0,5763.0,3129.0,7700.0,4657.0,3298.0,4824.0,3616.0,3337.0,11160.0,2153.0,5421.0,149.5,2525.0,42000.0,2717.0,74700.0,4267.0,1544.5,6142.0,3653.0,1644.75,1770.0,5702.0,6700.0,70500.0,2808.0,1543.0,8250.0,2060.0,4349.0
2026-07-09,3414.0,5018.0,3408.27978515625,25175.0,24780.0,2824.0,5398.0,3289.0,2401.0,2029.0,4455.0,7120.0,3409.0,85170.0,1877.0,12505.0,71060.0,4520.0,1502.0,4817.0,1565.5,9475.0,1256.0,17090.0,446.6000061035156,1167.5,29160.0,6816.0,4608.0,7359.0,71510.0,4758.0,4304.0,2724.5,3560.0,3517.0,1891.5,4924.0,2227.5,6186.0,3392.0,6645.0,2364.5,4411.0,3795.0,961.0,147.8000030517578,2360.5,3659.0,7010.0,2906.0,2920.5,3805.0,214.39999389648438,6395.0,4505.0,6700.0,4043.0,5783.0,1626.5,2137.5,1414.5,2603.0,411.20001220703125,6449.0,2834.5,1851.0,556.0,1928.0,5421.0,5757.0,3053.0,7870.0,4614.0,3382.0,4938.0,3572.0,3280.0,11070.0,2122.0,5478.0,149.0,2488.5,43020.0,2733.0,75600.0,4197.0,1522.0,6110.0,3726.0,1644.25,1741.0,5721.0,6851.0,72020.0,2805.0,1526.0,8214.0,2027.5,4386.0
2026-07-10,3461.0,4979.0,3388.663818359375,25110.0,24975.0,2823.0,5359.0,3261.0,2582.0,2021.5,4480.0,7030.0,3359.0,82110.0,1861.0,12240.0,72940.0,4506.0,1495.5,4762.0,1555.5,9860.0,1252.0,16975.0,445.3999938964844,1161.5,29830.0,6814.0,4579.0,7389.0,72560.0,4700.0,4340.0,2713.5,3586.0,3478.0,1884.0,4879.0,2189.0,6117.0,3347.0,6513.0,2335.5,4409.0,3762.0,943.0,149.3000030517578,2319.5,3621.0,7320.0,2886.5,2837.0,3818.0,211.39999389648438,6395.0,4428.0,6622.0,4017.0,5827.0,1581.0,2142.0,1377.0,2615.0,422.1000061035156,6469.0,2832.5,1842.0,550.2000122070312,1933.5,5286.0,6370.0,3016.0,7609.0,4556.0,3389.0,5150.0,3569.0,3219.0,11185.0,2176.5,5324.0,147.60000610351562,2492.5,44380.0,2730.5,76970.0,4179.0,1511.0,6034.0,3720.0,1639.5,1753.5,5731.0,7156.0,75570.0,2790.5,1543.0,8307.0,2036.0,4333.0
2026-07-13,3541.0,5037.0,3405.33740234375,24990.0,25480.0,2806.0,5318.0,3299.0,2486.0,2013.0,4419.0,7106.0,3341.0,81230.0,1828.0,12350.0,71300.0,4541.0,1495.0,4469.0,1555.5,9066.0,1254.5,17530.0,445.6000061035156,1161.5,28820.0,6925.0,4886.0,7230.0,70870.0,4716.0,4312.0,2703.5,3566.0,3531.0,1877.5,4862.0,2213.5,6101.0,3308.0,6478.0,2362.5,4440.0,3767.0,953.7000122070312,150.89999389648438,2333.0,3657.0,7340.0,2962.0,2832.0,3758.0,214.60000610351562,6403.0,4431.0,6622.0,4065.0,5647.0,1601.5,2121.0,1403.5,2650.0,417.79998779296875,6391.0,2818.0,1815.5,560.0,1925.5,5319.0,6364.0,3015.0,7613.0,4580.0,3203.0,5007.0,3579.0,3223.0,10960.0,2196.5,5340.0,149.10000610351562,2475.0,44770.0,2691.5,76700.0,4141.0,1517.0,6054.0,3637.0,1658.0,1775.5,5615.0,6957.0,73820.0,2809.5,1542.5,8417.0,2029.5,4339.0
2026-07-14,3600.0,5063.0,3440.646240234375,24900.0,25570.0,2839.0,5327.0,3304.0,2458.5,1994.5,4173.0,7050.0,3383.0,79790.0,1856.0,12660.0,71130.0,4594.0,1513.5,4381.0,1563.0,9100.0,1264.5,17675.0,447.1000061035156,1203.0,29775.0,6967.0,4922.0,7241.0,71650.0,4802.0,4388.0,2738.5,3648.0,3564.0,1904.0,4920.0,2233.0,6116.0,3378.0,6584.0,2370.0,4496.0,3813.0,963.7999877929688,155.0,2353.0,3709.0,7471.0,2991.0,2862.5,3746.0,218.8000030517578,6366.0,4513.0,6634.0,4143.0,5592.0,1604.5,2146.0,1412.0,2745.0,421.29998779296875,6430.0,2849.0,1867.0,567.5999755859375,1941.5,5506.0,6574.0,3043.0,7720.0,4698.0,3234.0,4800.0,3647.0,3279.0,11000.0,2211.5,5500.0,150.1999969482422,2485.5,45100.0,2679.5,75390.0,4206.0,1543.0,6065.0,3660.0,1663.5,1794.0,5656.0,6839.0,72660.0,2835.0,1553.0,8480.0,2017.0,4463.0
2026-07-15,3697.0,4936.0,3448.49267578125,24990.0,25330.0,2875.5,5288.0,3350.0,2532.0,1964.0,4318.0,7014.0,3389.0,78830.0,1884.0,12580.0,74240.0,4600.0,1511.5,4459.0,1590.0,9100.0,1283.0,17590.0,446.0,1222.0,31510.0,7121.0,4910.0,7128.0,73550.0,4796.0,4419.0,2770.0,3621.0,3580.0,1936.0,5110.0,2179.5,6110.0,3218.0,6637.0,2379.5,4585.0,3870.0,961.4000244140625,158.0,2407.5,3694.0,7690.0,2973.5,2862.5,3828.0,220.0,6420.0,4574.0,6690.0,4088.0,5764.0,1588.0,2142.0,1366.5,2622.0,425.6000061035156,6593.0,2841.0,1887.5,574.2999877929688,1953.5,5614.0,6360.0,3004.0,7772.0,4824.0,3246.0,5145.0,3679.0,3283.0,10960.0,2247.5,5605.0,150.0,2499.5,49690.0,2677.0,76620.0,4261.0,1554.0,6223.0,3625.0,1689.25,1747.0,5606.0,7008.0,75000.0,2852.5,1626.0,8624.0,2025.5,4270.0
2026-07-16,3629.0,5100.0,3486.743896484375,24870.0,25050.0,2909.0,5345.0,3258.0,2397.5,2007.0,4218.0,7080.0,3438.0,78840.0,1836.5,12615.0,70890.0,4599.0,1558.5,4139.0,1583.0,8400.0,1274.0,18140.0,455.0,1202.5,29640.0,7030.0,4976.0,7241.0,70590.0,4828.0,4397.0,2750.0,3624.0,3601.0,1919.5,5084.0,2207.0,6195.0,3257.0,6618.0,2354.0,4530.0,3825.0,964.7999877929688,156.39999389648438,2388.0,3709.0,7361.0,2960.5,2854.0,3823.0,219.60000610351562,6440.0,4553.0,6678.0,4108.0,5666.0,1583.0,2148.0,1371.0,2695.0,419.70001220703125,6515.0,2842.5,1876.0,580.2000122070312,1975.5,5540.0,5961.0,2998.5,7600.0,4738.0,3085.0,4761.0,3705.0,3285.0,11025.0,2238.0,5522.0,150.89999389648438,2518.5,46370.0,2746.5,74050.0,4215.0,1549.0,6209.0,3632.0,1675.0,1747.0,5361.0,7020.0,73430.0,2844.0,1609.0,8440.0,2052.0,4441.0
2026-07-17,3473.0,5076.0,3477.916748046875,24500.0,25215.0,2899.5,5480.0,3141.0,2249.0,2080.0,3993.0,7294.0,3470.0,78840.0,1799.0,12820.0,65100.0,4582.0,1535.5,3822.0,1514.0,7632.0,1243.5,18755.0,447.3999938964844,1168.0,27505.0,6721.0,4895.0,7325.0,64780.0,4717.0,4466.0,2680.0,3633.0,3624.0,1902.5,4988.0,2267.5,6347.0,3298.0,6630.0,2224.5,4447.0,3764.0,975.2000122070312,154.6999969482422,2329.0,3766.0,7157.0,2995.5,2909.0,3681.0,220.5,6251.0,4483.0,6745.0,4189.0,5370.0,1603.0,2151.0,1395.0,2729.5,407.8999938964844,6203.0,2876.0,1829.5,585.5999755859375,1964.0,5706.0,5424.0,3027.0,7526.0,4662.0,2968.0,4472.0,3729.0,3308.0,11000.0,2142.0,5609.0,151.10000610351562,2534.0,41890.0,2791.0,70880.0,4112.0,1537.0,6076.0,3556.0,1612.5,1771.5,5194.0,6637.0,69230.0,2868.0,1520.0,7930.0,2050.5,4354.0
2026-07-21,3580.0,5105.0,3480.859130859375,24520.0,25450.0,2944.5,5555.0,3348.0,2336.5,2074.0,4073.0,6993.0,3458.0,80840.0,1877.5,12920.0,66570.0,4639.0,1557.0,4035.0,1573.5,8001.0,1300.5,18395.0,449.20001220703125,1193.0,29630.0,6951.0,4853.0,7397.0,66840.0,4792.0,4500.0,2753.0,3671.0,3650.0,1946.5,5194.0,2240.5,6425.0,3309.0,6946.0,2286.0,4664.0,3844.0,966.0,159.39999389648438,2418.5,3838.0,7205.0,2985.0,2921.5,3852.0,222.10000610351562,6418.0,4740.0,6735.0,4187.0,5591.0,1628.5,2196.5,1366.5,2735.0,418.29998779296875,6502.0,2900.0,1862.0,598.5999755859375,1992.5,5746.0,5751.0,3052.0,7874.0,4824.0,3073.0,4672.0,3778.0,3270.0,11080.0,2255.5,5670.0,151.6999969482422,2591.0,42670.0,2815.0,71960.0,4252.0,1574.5,6504.0,3666.0,1683.5,1755.0,5252.0,6776.0,70460.0,2881.5,1586.5,8302.0,2051.0,4407.0
2026-07-22,3668.0,4981.0,3459.281494140625,24240.0,25045.0,2939.0,5552.0,3411.0,2451.0,2092.0,4095.0,7003.0,3444.0,78580.0,1897.0,12305.0,65960.0,4605.0,1559.0,4175.0,1604.0,8317.0,1320.0,18530.0,442.6000061035156,1195.5,29585.0,7072.0,4753.0,7306.0,68590.0,4807.0,4536.0,2763.5,3665.0,3617.0,1964.0,5260.0,2199.0,6458.0,3311.0,6906.0,2322.0,4888.0,3793.0,960.5999755859375,159.8000030517578,2453.5,3796.0,7075.0,2939.0,2906.0,3892.0,221.39999389648438,6447.0,4801.0,6735.0,4095.0,5629.0,1629.5,2175.5,1357.5,2673.5,420.29998779296875,6582.0,2876.0,1857.0,599.0,1989.5,5818.0,5703.0,3007.0,7971.0,4911.0,3107.0,4751.0,3769.0,3230.0,10970.0,2218.0,5783.0,152.0,2583.0,42990.0,2761.5,72110.0,4204.0,1557.0,6454.0,3780.0,1711.0,1726.0,5253.0,6873.0,71850.0,2875.5,1603.0,8529.0,2056.0,4352.0
2026-07-23,3750.0,4903.0,3446.531005859375,24115.0,24840.0,2950.0,5505.0,3447.0,2512.0,2080.0,4016.0,7001.0,3445.0,77090.0,1905.5,12355.0,65950.0,4566.0,1566.5,4199.0,1629.0,8538.0,1337.0,18685.0,437.1000061035156,1216.0,30800.0,7167.0,4862.0,7212.0,69410.0,4854.0,4529.0,2796.5,3658.0,3566.0,1971.0,5384.0,2158.0,6369.0,3244.0,6946.0,2350.0,4916.0,3695.0,957.5,157.8000030517578,2460.5,3830.0,6970.0,2921.5,2894.0,3930.0,219.5,6622.0,4873.0,6682.0,4093.0,5746.0,1631.5,2161.0,1333.0,2630.0,422.1000061035156,6617.0,2848.0,1866.5,607.7999877929688,1993.0,5817.0,5918.0,2993.0,7958.0,4970.0,3116.0,4727.0,3747.0,3224.0,10915.0,2257.0,5795.0,149.6999969482422,2611.5,45130.0,2755.0,72260.0,4060.0,1550.0,6594.0,3715.0,1711.25,1723.0,5102.0,6938.0,72960.0,2870.5,1624.5,8766.0,2044.0,4240.0
2026-07-24,3754.0,4935.0,3468.108642578125,23880.0,24560.0,2897.0,5648.0,3442.0,2469.0,2146.0,3883.0,6969.0,3409.0,76220.0,1925.0,12055.0,62660.0,4579.0,1536.0,3928.0,1604.0,8311.0,1320.0,18570.0,435.29998779296875,1189.0,28945.0,7161.0,4793.0,7416.0,60890.0,4850.0,4526.0,2797.0,3626.0,3632.0,1957.5,5370.0,2164.5,6461.0,3279.0,7051.0,2365.5,4918.0,3680.0,957.2000122070312,154.3000030517578,2485.5,3892.0,6702.0,2975.0,2908.0,3945.0,221.60000610351562,6642.0,4898.0,6802.0,4111.0,5650.0,1648.0,2166.5,1339.0,2682.5,417.5,6535.0,2855.5,1845.5,616.9000244140625,1977.0,5946.0,5500.0,2951.0,8116.0,4966.0,3021.0,4593.0,3716.0,3223.0,11155.0,2222.0,5843.0,151.3000030517578,2557.0,43170.0,2799.5,71820.0,3990.0,1550.0,6425.0,3689.0,1703.0,1729.5,5096.0,6624.0,70970.0,2922.5,1600.0,8652.0,1968.5,4249.0
2026-07-27,3799.0,5196.0,3569.131103515625,24135.0,24725.0,2965.5,5769.0,3416.0,2355.0,2134.5,3886.0,7431.0,3574.0,77370.0,1959.0,12510.0,62800.0,4740.0,1583.0,3866.0,1611.5,8102.0,1323.5,19050.0,441.20001220703125,1225.0,28380.0,7214.0,4951.0,6848.0,62650.0,5023.0,4750.0,2882.5,3831.0,3756.0,1984.5,5450.0,2249.0,6531.0,3482.0,7261.0,2393.5,4847.0,3781.0,992.9000244140625,162.0,2521.5,4023.0,6146.0,3075.0,2968.0,3891.0,228.3000030517578,6901.0,5029.0,6908.0,4419.0,5669.0,1674.0,2210.0,1378.0,2831.5,424.29998779296875,6673.0,2894.5,1872.5,636.9000244140625,2056.0,6076.0,5331.0,3081.0,8243.0,4975.0,3012.0,4325.0,3858.0,3284.0,11325.0,2288.5,5912.0,154.3000030517578,2663.5,43560.0,2822.5,74170.0,4098.0,1588.0,6558.0,3796.0,1720.25,1813.5,5069.0,6785.0,71800.0,2953.0,1605.5,8631.0,2055.0,4445.0
2026-07-28,3661.0,5378.0,3586.785400390625,23745.0,23685.0,3008.0,5744.0,3256.0,2187.5,2205.5,3604.0,7659.0,3662.0,79950.0,1902.5,12595.0,55920.0,4765.0,1612.0,3462.0,1591.5,7153.0,1296.0,19085.0,451.0,1165.0,25510.0,6934.0,4863.0,6999.0,54900.0,4890.0,4478.0,2746.5,3755.0,3829.0,1998.5,5272.0,2289.0,6648.0,3700.0,7264.0,2265.0,4776.0,3731.0,1004.5,156.10000610351562,2464.0,4090.0,5872.0,3128.0,2998.0,3805.0,230.8000030517578,6750.0,5039.0,6924.0,4522.0,5319.0,1720.5,2233.5,1420.0,2904.0,412.8999938964844,6400.0,2902.5,1817.0,654.0,2079.5,6020.0,5095.0,3140.0,8234.0,4890.0,2927.5,4073.0,3878.0,3320.0,11385.0,2241.0,5863.0,156.39999389648438,2680.0,37440.0,2889.5,70950.0,4050.0,1595.5,6465.0,3617.0,1692.25,1802.0,4888.0,6373.0,65190.0,2993.0,1571.0,8210.0,2078.5,4490.0
2026-07-29,3647.0,5493.0,3678.0,23850.0,23765.0,3224.0,5847.0,3216.0,2072.0,2256.0,3507.0,7986.0,3809.0,80400.0,1936.0,13100.0,50000.0,4909.0,1688.5,3170.0,1599.0,6231.0,1310.5,21065.0,472.6000061035156,1155.5,25200.0,6876.0,4800.0,7069.0,51320.0,4957.0,4635.0,2817.5,3866.0,3935.0,2043.0,5205.0,2382.5,6781.0,3844.0,7361.0,2245.5,4819.0,3742.0,1050.5,160.0,2482.0,4243.0,5690.0,3219.0,3133.0,3740.0,235.89999389648438,7265.0,5050.0,7172.0,4747.0,5172.0,1776.5,2295.5,1439.5,3030.0,414.8999938964844,6496.0,3070.0,1830.5,672.7999877929688,2208.0,6141.0,4741.0,3221.0,8393.0,4918.0,2746.0,3760.0,4120.0,3419.0,11505.0,2290.0,5953.0,160.3000030517578,2848.5,34330.0,2886.5,77590.0,4100.0,1627.0,6577.0,3613.0,1710.5,1862.5,4847.0,6463.0,64930.0,3108.0,1572.5,8112.0,2145.5,4613.0
2026-07-30,3525.0,5576.0,3587.0,23640.0,23840.0,3126.0,5718.0,3110.0,2109.5,2233.0,3584.0,8145.0,3809.0,78500.0,1898.0,12915.0,52240.0,4832.0,1670.0,3196.0,1592.0,6416.0,1304.0,20970.0,458.3999938964844,1137.5,27935.0,6666.0,4833.0,7071.0,51870.0,5255.0,4554.0,2793.0,3831.0,3820.0,2023.5,5196.0,2415.5,6665.0,3902.0,7219.0,2178.0,4777.0,3703.0,1031.0,159.39999389648438,2419.0,4174.0,5756.0,3141.0,3068.0,3736.0,232.0,7087.0,4988.0,7067.0,4739.0,5318.0,1749.0,2287.0,1423.0,2920.0,412.70001220703125,6315.0,3041.0,1810.0,660.0,2197.5,6101.0,4622.0,3153.0,8202.0,4920.0,2811.5,3720.0,4050.0,3384.0,11305.0,2164.0,5933.0,159.0,2823.0,33620.0,2889.0,78970.0,4081.0,1611.0,6625.0,3550.0,1672.0,1857.5,4839.0,6624.0,66160.0,3051.0,1470.0,7818.0,2153.5,5002.0
2026-07-31,3571.0,4686.0,3488.0,23295.0,24675.0,3067.0,5513.0,3111.0,2184.0,2109.0,4284.0,7679.0,3787.0,78190.0,1918.5,12550.0,55500.0,4678.0,1625.5,3442.0,1670.0,7416.0,1327.5,20125.0,446.79998779296875,1188.0,32500.0,6814.0,4754.0,6932.0,58480.0,5267.0,4428.0,2745.5,3772.0,3676.0,2014.0,5201.0,2324.0,7135.0,3659.0,7113.0,2191.5,4776.0,3603.0,1006.5,156.3000030517578,2382.0,3988.0,5800.0,3001.0,2953.0,3764.0,223.39999389648438,6994.0,4924.0,6882.0,4609.0,5912.0,1666.5,2202.0,1364.0,3167.0,417.20001220703125,6410.0,2908.5,1722.5,649.5999755859375,1967.5,6110.0,5260.0,3116.0,8114.0,4937.0,3008.0,4172.0,3965.0,3268.0,11100.0,2192.5,5894.0,152.39999389648438,2715.5,37910.0,2567.5,81150.0,3893.0,1560.0,6722.0,3691.0,1654.0,1820.0,4965.0,7135.0,70480.0,2921.0,1520.0,8167.0,2086.0,4740.0
2026-08-03,3567.0,4688.0,3370.0,23295.0,25260.0,2963.5,5408.0,3102.0,2062.5,2070.5,4281.0,7589.0,3589.0,79600.0,1888.5,12385.0,54990.0,4584.0,1567.0,3905.0,1660.5,7161.0,1294.0,19635.0,446.5,1135.5,31430.0,6614.0,4704.0,6687.0,60520.0,5301.0,4440.0,2717.0,3778.0,3422.0,1995.5,5132.0,2311.5,6993.0,3500.0,6872.0,2246.5,4787.0,3501.0,994.5,155.3000030517578,2335.5,3902.0,5845.0,2954.0,2910.5,3799.0,224.5,6760.0,4820.0,6830.0,4533.0,5536.0,1657.5,2176.0,1366.0,3087.0,411.79998779296875,6348.0,2898.5,1647.5,647.0,1928.0,6042.0,5393.0,3129.0,7885.0,4874.0,3092.0,4290.0,3914.0,3208.0,11500.0,2173.5,5801.0,152.5,2618.0,40910.0,2570.0,80610.0,3700.0,1488.5,6669.0,3544.0,1626.5,1819.0,4896.0,6114.0,70980.0,2903.0,1505.5,8094.0,1945.5,4733.0
2026-08-04,3470.0,4627.0,3351.0,23765.0,25925.0,2918.5,5286.0,3095.0,2161.5,2032.0,4235.0,7558.0,3539.0,78700.0,1881.0,12415.0,56700.0,4544.0,1575.0,3883.0,1662.5,7129.0,1281.5,19445.0,460.29998779296875,1117.5,31000.0,6515.0,4776.0,6680.0,60890.0,5412.0,4413.0,2583.5,3744.0,3408.0,1980.0,4937.0,2323.0,6819.0,3436.0,6811.0,2191.5,4738.0,3483.0,998.4000244140625,153.10000610351562,2327.5,3820.0,5987.0,2900.0,2856.0,4091.0,220.39999389648438,6912.0,4742.0,6676.0,4462.0,5649.0,1628.5,2168.5,1334.0,2945.0,412.3999938964844,6328.0,2775.0,1579.5,646.0,1890.5,6019.0,5228.0,3100.0,7709.0,4815.0,3052.0,4628.0,3882.0,3216.0,12015.0,2194.0,6058.0,150.39999389648438,2584.0,44100.0,2500.0,82900.0,3700.0,1474.0,6804.0,3741.0,1631.0,1814.0,4953.0,6187.0,73650.0,2873.5,1515.0,8131.0,1904.0,4598.0
2026-08-05,3541.0,4570.0,3354.0,22265.0,25900.0,2914.5,5269.0,3200.0,2371.5,1990.0,4516.0,7428.0,3565.0,76870.0,1913.5,12720.0,58550.0,4513.0,1636.0,3813.0,1720.5,7829.0,1283.0,19450.0,461.1000061035156,1154.5,33720.0,6666.0,4916.0,6688.0,63740.0,5476.0,4459.0,2622.5,3828.0,3369.0,1978.5,4862.0,2288.0,6825.0,3483.0,6962.0,2283.0,4641.0,3513.0,975.9000244140625,153.5,2357.0,3830.0,6163.0,2894.0,2830.0,4000.0,230.8000030517578,7157.0,4779.0,6624.0,4407.0,5848.0,1622.0,2159.0,1325.0,2860.5,421.29998779296875,6547.0,2758.0,1635.0,672.0,1919.0,5798.0,5958.0,3151.0,7742.0,4700.0,3150.0,5073.0,3920.0,3188.0,11805.0,2292.0,5970.0,151.0,2475.5,46680.0,2585.0,87380.0,3784.0,1481.5,7243.0,3866.0,1661.0,1807.0,5333.0,6460.0,75790.0,2856.5,1558.5,8470.0,1926.0,4631.0
2026-08-06,3574.0,4738.0,3415.0,22100.0,25475.0,2983.5,5425.0,3232.0,2158.5,2051.5,4413.0,7641.0,3626.0,78890.0,1921.0,12845.0,55330.0,4588.0,1635.5,3673.0,1748.5,7421.0,1300.0,19565.0,470.0,1184.5,32930.0,6781.0,4948.0,6764.0,61590.0,5500.0,4527.0,2684.0,3878.0,3428.0,2034.0,4936.0,2312.0,7030.0,3579.0,6997.0,2342.0,4748.0,3546.0,999.9000244140625,153.89999389648438,2395.0,3847.0,6167.0,2927.0,2927.0,3998.0,228.60000610351562,7403.0,4827.0,6720.0,4885.0,5870.0,1669.0,2288.5,1348.0,2954.0,423.70001220703125,6513.0,2825.5,1666.0,683.5,1925.0,5931.0,5695.0,3164.0,7817.0,4763.0,3013.0,4596.0,3989.0,3597.0,12170.0,2294.0,6036.0,154.5,2515.0,43330.0,2660.0,85530.0,3840.0,1488.0,7460.0,3830.0,1679.0,1872.0,5196.0,6430.0,75350.0,2901.0,1577.0,8499.0,1977.5,4690.0
2026-08-07,3564.0,4859.0,3427.0,22210.0,25640.0,2980.0,5540.0,3188.0,2129.5,2097.5,4312.0,8043.0,3721.0,79310.0,1932.5,13165.0,54500.0,4587.0,1683.0,3757.0,1788.0,7263.0,1349.5,19910.0,483.6000061035156,1219.0,32190.0,6782.0,4977.0,6857.0,58440.0,5620.0,4635.0,2760.0,3236.0,3461.0,2080.0,5024.0,2373.0,7108.0,3675.0,7068.0,2313.0,4868.0,3502.0,1023.0,152.60000610351562,2414.0,3903.0,6116.0,2926.0,3038.0,4044.0,230.89999389648438,7349.0,4850.0,6839.0,5398.0,5826.0,1694.5,2327.0,1391.0,2979.0,425.1000061035156,6336.0,2810.0,1692.0,697.5,1929.5,6115.0,5552.0,3140.0,7939.0,4933.0,2988.0,5185.0,4199.0,3654.0,12705.0,2264.0,6186.0,158.5,2567.5,37460.0,2752.0,85110.0,3833.0,1525.0,7424.0,3792.0,1680.5,1906.0,5196.0,6535.0,74190.0,2981.0,1562.0,8446.0,1956.0,4862.0
2026-08-10,3510.0,4972.0,3425.0,22225.0,26250.0,2981.0,5582.0,3087.0,2161.0,2085.5,4436.0,8265.0,3764.0,78720.0,1839.5,16165.0,56750.0,4563.0,1692.0,3825.0,1785.5,7302.0,1267.5,20260.0,488.29998779296875,1232.5,34260.0,6629.0,5046.0,7112.0,62980.0,5620.0,4628.0,2763.0,3162.0,3453.0,2090.5,4950.0,2575.5,7095.0,3719.0,6959.0,2273.0,4849.0,3415.0,1030.5,156.3000030517578,2334.5,3846.0,6286.0,2869.0,2989.5,4004.0,228.39999389648438,7446.0,4829.0,6340.0,5429.0,5844.0,1686.0,2363.0,1389.5,3017.0,427.6000061035156,6272.0,2842.0,1681.0,689.4000244140625,1938.0,6157.0,5484.0,3105.0,7752.0,4880.0,3045.0,5580.0,4320.0,3738.0,12560.0,2260.0,6279.0,159.89999389648438,2615.0,39590.0,2805.0,85000.0,3717.0,1464.5,7380.0,3822.0,1678.5,2098.5,5272.0,6507.0,78340.0,2830.0,1550.0,8244.0,2028.0,4888.0
2026-08-12,3606.0,4982.0,3422.0,21570.0,26010.0,2999.5,5562.0,3142.0,2270.0,2060.5,4574.0,8488.0,3762.0,78050.0,1877.0,16660.0,58230.0,4610.0,1664.5,3806.0,1781.5,7538.0,1281.5,20320.0,499.70001220703125,1246.5,34550.0,6857.0,4796.0,7184.0,62960.0,5669.0,4564.0,2704.0,3198.0,3454.0,2096.0,5016.0,2598.5,7026.0,3701.0,6984.0,2344.0,4856.0,3406.0,1003.0,154.39999389648438,2362.0,3821.0,6410.0,2861.0,3068.0,4094.0,229.3000030517578,7349.0,4855.0,6549.0,5362.0,5892.0,1679.0,2356.0,1393.5,2983.0,431.8999938964844,6351.0,2821.0,1734.0,690.9000244140625,1940.5,6128.0,5520.0,3078.0,7751.0,4900.0,3114.0,5800.0,4229.0,3689.0,12250.0,2252.0,6166.0,158.39999389648438,2582.5,38980.0,2805.0,87200.0,3684.0,1451.5,7204.0,3790.0,1705.0,2075.5,5456.0,6720.0,78320.0,2833.0,1566.0,8502.0,2006.0,4913.0
2026-08-13,3709.0,4977.0,3426.0,21365.0,26560.0,2985.0,5559.0,3223.0,2334.5,2048.5,4679.0,8325.0,3700.0,77350.0,1884.0,16790.0,59470.0,4607.0,1647.5,3754.0,1779.5,8311.0,1282.5,20025.0,499.5,1227.0,35940.0,6969.0,4766.0,7175.0,65830.0,5702.0,4575.0,2750.0,3277.0,3470.0,2078.0,4972.0,2620.5,7068.0,3750.0,7029.0,2446.5,4832.0,3412.0,988.9000244140625,153.8000030517578,2379.0,3833.0,6378.0,2869.5,3041.0,4256.0,233.39999389648438,7362.0,4845.0,6506.0,5252.0,6020.0,1683.5,2327.5,1396.0,3001.0,435.3999938964844,6372.0,2819.0,1724.0,677.7000122070312,1901.5,6211.0,5575.0,3088.0,7622.0,4894.0,3235.0,5760.0,4129.0,3557.0,12435.0,2289.0,6279.0,160.5,2557.5,40490.0,2770.0,86630.0,3701.0,1457.5,7198.0,3905.0,1753.0,2067.5,5636.0,6505.0,77330.0,2830.0,1581.5,8775.0,2000.5,4917.0
2026-08-14,3686.0,5131.0,3444.0,21255.0,26645.0,3020.0,5611.0,3275.0,2386.0,2070.5,4721.0,8900.0,3912.0,77120.0,1874.0,16455.0,59130.0,4609.0,1658.0,3746.0,1791.0,8235.0,1291.0,20130.0,506.29998779296875,1208.5,36870.0,6969.0,5281.0,6933.0,65470.0,5767.0,4656.0,2751.5,3329.0,3511.0,2064.5,4930.0,2672.5,7132.0,3841.0,7011.0,2454.0,4769.0,3382.0,987.5,155.8000030517578,2376.0,3861.0,6372.0,2920.0,3108.0,4254.0,234.89999389648438,7302.0,4836.0,6511.0,5435.0,6153.0,1743.5,2356.5,1374.0,2966.5,437.79998779296875,6376.0,2831.5,1702.0,676.2999877929688,1955.0,6400.0,5739.0,3126.0,7540.0,4825.0,3210.0,5665.0,4133.0,3533.0,12030.0,2244.0,6471.0,162.6999969482422,2583.0,38820.0,2729.0,87660.0,3677.0,1457.0,7325.0,3908.0,1737.0,2110.5,5566.0,6435.0,76430.0,2877.5,1570.0,8620.0,2086.5,5168.0
